date_updated,category_id,category_name,product_id,product_url,meta_title,title_content,meta_img,img_content
2021-11-03 06:31:24.974463,9,Moisturizer,25,https://www.lookfantastic.com/the-ordinary-natural-moisturising-factors-ha-30ml/11396687.html,"<meta content=""The Ordinary Natural Moisturising Factors + HA 30ml"" property=""og:title""/>","The Ordinary Natural Moisturising Factors + HA 30ml","<meta content=""https://static.thcdn.com/images/small/original//productimg/960/960/11396687-4734901905523595.jpg"" crossorigin="""" loading=""lazy"" property=""og:image""/>",https://static.thcdn.com/images/small/original//productimg/960/960/11396687-4734901905523595.jpg
2021-11-03 06:31:27.699602,9,Moisturizer,26,https://www.lookfantastic.com/cerave-facial-moisturising-lotion-spf-25-52ml/11798689.html,"<meta content=""CeraVe Facial Moisturising Lotion SPF 25 52ml"" property=""og:title""/>","CeraVe Facial Moisturising Lotion SPF 25 52ml","<meta content=""https://static.thcdn.com/images/small/original//productimg/960/960/11798689-6104774892950815.jpg"" crossorigin="""" loading=""lazy"" property=""og:image""/>",https://static.thcdn.com/images/small/original//productimg/960/960/11798689-6104774892950815.jpg
2021-11-02,9,Moisturizer,31,https://www.lookfantastic.com/cerave-facial-moisturising-lotion-no-spf-52ml/11798688.html,"<meta content...test>","CeraVe Facial Moisturising Lotion No SPF 52ml","<meta content=...test>",https://static.thcdn.com/images/small/webp/productimg/960/960/11798688-1194696099173549.jpg
2021-11-03 18:54:53.107644,Cleanser,507,https://www.lookfantastic.com/cerave-hydrating-cleanser-236ml/11798700.html,"<meta content=""CeraVe Hydrating Cleanser 236ml"" property=""og:title""/>","CeraVe Hydrating Cleanser 236ml","<meta content=""https://static.thcdn.com/images/small/original//productimg/960/960/11798700-1944898991205302.jpg"" crossorigin="""" loading=""lazy"" property=""og:image""/>",https://static.thcdn.com/images/small/original//productimg/960/960/11798700-1944898991205302.jpg
2021-11-03 18:54:56.124787,1,Cleanser,508,https://www.lookfantastic.com/cerave-foaming-facial-cleanser-473ml/11798697.html,"<meta content=""CeraVe Foaming Facial Cleanser 473ml"" property=""og:title""/>","CeraVe Foaming Facial Cleanser 473ml","<meta content=""https://static.thcdn.com/images/small/original//productimg/960/960/11798697-7344774893144504.jpg"" crossorigin="""" loading=""lazy"" property=""og:image""/>",https://static.thcdn.com/images/small/original//productimg/960/960/11798697-7344774893144504.jpg
2021-11-03 18:55:50.135589,1,Cleanser,509,https://www.lookfantastic.com/cerave-smoothing-cleanser-236ml/12207663.html,"<meta content=""CeraVe Smoothing Cleanser 236ml"" property=""og:title""/>","CeraVe Smoothing Cleanser 236ml","<meta content=""https://static.thcdn.com/images/small/original//productimg/960/960/12207663-2804774893228534.jpg"" crossorigin="""" loading=""lazy"" property=""og:image""/>",https://static.thcdn.com/images/small/original//productimg/960/960/12207663-2804774893228534.jpg
2021-11-03 18:55:52.868688,1,Cleanser,510,https://www.lookfantastic.com/cosrx-salicylic-acid-daily-gentle-cleanser-170g/11540297.html,"<meta content=""COSRX Salicylic Acid Daily Gentle Cleanser 170g"" property=""og:title""/>","COSRX Salicylic Acid Daily Gentle Cleanser 170g","<meta content=""https://static.thcdn.com/images/small/original//productimg/960/960/11540297-1054840932408354.jpg"" crossorigin="""" loading=""lazy"" property=""og:image""/>",https://static.thcdn.com/images/small/original//productimg/960/960/11540297-1054840932408354.jpg
2021-11-03 18:55:55.561549,1,Cleanser,511,https://www.lookfantastic.com/la-roche-posay-effaclar-h-hydrating-cleansing-cream-200ml/11227837.html,"<meta content=""La Roche-Posay Effaclar H Hydrating Cleansing Cream (200ml)"" property=""og:title""/>","La Roche-Posay Effaclar H Hydrating Cleansing Cream (200ml)","<meta content=""https://static.thcdn.com/images/small/original/productimg/960/960/11227837-8035383065020717.jpg"" crossorigin="""" loading=""lazy"" property=""og:image""/>",https://static.thcdn.com/images/small/original/productimg/960/960/11227837-8035383065020717.jpg9,Moisturizer,27,https://www.lookfantastic.com/the-ordinary-hyaluronic-acid-2-b5-hydration-support-formula-30ml/11363395.html,"<meta content=""The Ordinary Hyaluronic Acid 2% + B5 Hydration Support Formula 30ml"" property=""og:title""/>",The Ordinary Hyaluronic Acid 2% + B5 Hydration Support Formula 30ml,"<meta content=""https://static.thcdn.com/images/small/original//productimg/960/960/11363395-1014901836846776.jpg"" crossorigin="""" loading=""lazy"" property=""og:image""/>",https://static.thcdn.com/images/small/original//productimg/960/960/11363395-1014901836846776.jpg,2021-11-03 21:29:19.741278
2021-11-03 21:29:22.921069,9,Moisturizer,28,https://www.lookfantastic.com/ameliorate-transforming-body-lotion-200ml/11865352.html,"<meta content=""AMELIORATE Transforming Body Lotion 200ml"" property=""og:title""/>",AMELIORATE Transforming Body Lotion 200ml,"<meta content=""https://static.thcdn.com/images/small/original//productimg/960/960/12673785-7394880128026792.jpg"" crossorigin="""" loading=""lazy"" property=""og:image""/>",https://static.thcdn.com/images/small/original//productimg/960/960/12673785-7394880128026792.jpg
2021-11-03 21:29:26.475507,9,Moisturizer,29,https://www.lookfantastic.com/cerave-moisturising-cream-454g/11798691.html,"<meta content=""CeraVe Moisturising Cream 454g"" property=""og:title""/>",CeraVe Moisturising Cream 454g,"<meta content=""https://static.thcdn.com/images/small/original/productimg/960/960/11798691-6724686227473584.jpg"" crossorigin="""" loading=""lazy"" property=""og:image""/>",https://static.thcdn.com/images/small/original/productimg/960/960/11798691-6724686227473584.jpg
2021-11-03 21:29:29.221173,9,Moisturizer,30,https://www.lookfantastic.com/cerave-moisturising-lotion-473ml/11798695.html,"<meta content=""CeraVe Moisturising Lotion for Dry to Very Dry Skin 473ml"" property=""og:title""/>",CeraVe Moisturising Lotion for Dry to Very Dry Skin 473ml,"<meta content=""https://static.thcdn.com/images/small/original//productimg/960/960/11798695-3274774893056304.jpg"" crossorigin="""" loading=""lazy"" property=""og:image""/>",https://static.thcdn.com/images/small/original//productimg/960/960/11798695-3274774893056304.jpg
2021-11-03 21:30:14.805850,9,Moisturizer,32,https://www.lookfantastic.com/the-ordinary-natural-moisturizing-factors-ha-100ml/11638505.html#,"<meta content=""The Ordinary Natural Moisturizing Factors + HA 100ml"" property=""og:title""/>",The Ordinary Natural Moisturizing Factors + HA 100ml,"<meta content=""https://static.thcdn.com/images/small/original//productimg/960/960/11638505-4814901837569779.jpg"" crossorigin="""" loading=""lazy"" property=""og:image""/>",https://static.thcdn.com/images/small/original//productimg/960/960/11638505-4814901837569779.jpg
2021-11-03 22:20:52.452191,9,Moisturizer,27,https://www.lookfantastic.com/the-ordinary-hyaluronic-acid-2-b5-hydration-support-formula-30ml/11363395.html,"<meta content=""The Ordinary Hyaluronic Acid 2% + B5 Hydration Support Formula 30ml"" property=""og:title""/>",The Ordinary Hyaluronic Acid 2% + B5 Hydration Support Formula 30ml,"<meta content=""https://static.thcdn.com/images/small/original//productimg/960/960/11363395-1014901836846776.jpg"" crossorigin="""" loading=""lazy"" property=""og:image""/>",https://static.thcdn.com/images/small/original//productimg/960/960/11363395-1014901836846776.jpg
2021-11-03 22:20:55.255529,9,Moisturizer,33,https://www.lookfantastic.com/cerave-smoothing-cream-177ml/12207665.html,"<meta content=""CeraVe Smoothing Cream 177ml"" property=""og:title""/>",CeraVe Smoothing Cream 177ml,"<meta content=""https://static.thcdn.com/images/small/original//productimg/960/960/12207665-5314768662560220.jpg"" crossorigin="""" loading=""lazy"" property=""og:image""/>",https://static.thcdn.com/images/small/original//productimg/960/960/12207665-5314768662560220.jpg
2021-11-03 22:21:03.927696,9,Moisturizer,34,https://www.lookfantastic.com/clinique-moisture-surge-72-hour-moisturiser-75ml/12506978.html,"<meta content=""Clinique Moisture Surge 72 Hour Moisturiser 75ml (Worth £46.00)"" property=""og:title""/>",Clinique Moisture Surge 72 Hour Moisturiser 75ml (Worth £46.00),"<meta content=""https://static.thcdn.com/images/small/original//productimg/960/960/12506978-3444773348840063.jpg"" crossorigin="""" loading=""lazy"" property=""og:image""/>",https://static.thcdn.com/images/small/original//productimg/960/960/12506978-3444773348840063.jpg
2021-11-03 22:21:06.786105,9,Moisturizer,35,https://www.lookfantastic.com/avene-antirougeurs-jour-redness-relief-moisturizing-protecting-cream-40ml/11117577.html,"<meta content=""Avène Antirougeurs Jour Redness Relief Moisturizing Protecting Cream (40ml)"" property=""og:title""/>",Avène Antirougeurs Jour Redness Relief Moisturizing Protecting Cream (40ml),"<meta content=""https://static.thcdn.com/images/small/original//productimg/960/960/11117577-1204786221784362.jpg"" crossorigin="""" loading=""lazy"" property=""og:image""/>",https://static.thcdn.com/images/small/original//productimg/960/960/11117577-1204786221784362.jpg
2021-11-03 22:21:51.564662,9,Moisturizer,36,https://www.lookfantastic.com/clinique-dramatically-different-moisturizing-lotion-125ml-with-pump/11144716.html,"<meta content=""Clinique Dramatically Different Moisturising Lotion+ 125ml with Pump"" property=""og:title""/>",Clinique Dramatically Different Moisturising Lotion+ 125ml with Pump,"<meta content=""https://static.thcdn.com/images/small/original/productimg/960/960/11144716-1234617742859979.jpg"" crossorigin="""" loading=""lazy"" property=""og:image""/>",https://static.thcdn.com/images/small/original/productimg/960/960/11144716-1234617742859979.jpg
2021-11-03 22:21:54.372848,9,Moisturizer,37,https://www.lookfantastic.com/weleda-skin-food-75ml/10540680.html,"<meta content=""Weleda Skin Food (75ml)"" property=""og:title""/>",Weleda Skin Food (75ml),"<meta content=""https://static.thcdn.com/images/small/original//productimg/960/960/10540680-1584866125211771.jpg"" crossorigin="""" loading=""lazy"" property=""og:image""/>",https://static.thcdn.com/images/small/original//productimg/960/960/10540680-1584866125211771.jpg
2021-11-03 22:21:57.159612,9,Moisturizer,38,https://www.lookfantastic.com/neutrogena-hydro-boost-city-shield-spf-moisturiser/11433781.html,"<meta content=""Neutrogena Hydro Boost City Shield SPF25 Moisturiser and Facial Sunscreen 50ml"" property=""og:title""/>",Neutrogena Hydro Boost City Shield SPF25 Moisturiser and Facial Sunscreen 50ml,"<meta content=""https://static.thcdn.com/images/small/original/productimg/960/960/11433781-1354646072229153.jpg"" crossorigin="""" loading=""lazy"" property=""og:image""/>",https://static.thcdn.com/images/small/original/productimg/960/960/11433781-1354646072229153.jpg
2021-11-03 22:22:52.505344,9,Moisturizer,39,https://www.lookfantastic.com/embryolisse-lait-creme-concentre-75ml/11118731.html,"<meta content=""Embryolisse Lait-Crème Concentré Multi-Purpose Moisturiser 75ml"" property=""og:title""/>",Embryolisse Lait-Crème Concentré Multi-Purpose Moisturiser 75ml,"<meta content=""https://static.thcdn.com/images/small/original//productimg/960/960/11118731-1274905484791816.jpg"" crossorigin="""" loading=""lazy"" property=""og:image""/>",https://static.thcdn.com/images/small/original//productimg/960/960/11118731-1274905484791816.jpg
2021-11-03 22:22:56.178543,9,Moisturizer,40,https://www.lookfantastic.com/la-roche-posay-effaclar-h-moisturiser-40ml/11091824.html,"<meta content=""La Roche-Posay Effaclar H Moisturiser 40ml"" property=""og:title""/>",La Roche-Posay Effaclar H Moisturiser 40ml,"<meta content=""https://static.thcdn.com/images/small/original/productimg/960/960/11091824-1614579472870916.jpg"" crossorigin="""" loading=""lazy"" property=""og:image""/>",https://static.thcdn.com/images/small/original/productimg/960/960/11091824-1614579472870916.jpg
2021-11-03 22:22:58.957505,9,Moisturizer,41,https://www.lookfantastic.com/bulldog-original-moisturiser-100ml/10599976.html,"<meta content=""Bulldog Original Moisturiser 100ml"" property=""og:title""/>",Bulldog Original Moisturiser 100ml,"<meta content=""https://static.thcdn.com/images/small/original/productimg/960/960/10599976-1404461279821304.jpg"" crossorigin="""" loading=""lazy"" property=""og:image""/>",https://static.thcdn.com/images/small/original/productimg/960/960/10599976-1404461279821304.jpg
2021-11-03 22:23:52.072079,9,Moisturizer,42,https://www.lookfantastic.com/clinique-dramatically-different-moisturizing-gel-125ml-with-pump/11144718.html,"<meta content=""Clinique Dramatically Different Moisturising Gel 125ml with Pump"" property=""og:title""/>",Clinique Dramatically Different Moisturising Gel 125ml with Pump,"<meta content=""https://static.thcdn.com/images/small/original/productimg/960/960/11144718-1054328983355223.jpg"" crossorigin="""" loading=""lazy"" property=""og:image""/>",https://static.thcdn.com/images/small/original/productimg/960/960/11144718-1054328983355223.jpg
2021-11-03 22:23:54.909535,9,Moisturizer,43,https://www.lookfantastic.com/la-roche-posay-effaclar-duo-spf30-40ml/11434756.html,"<meta content=""La Roche-Posay Effaclar Duo+ SPF30 with Niacinamide 40ml"" property=""og:title""/>",La Roche-Posay Effaclar Duo+ SPF30 with Niacinamide 40ml,"<meta content=""https://static.thcdn.com/images/small/original/productimg/960/960/11434756-2064484574775269.jpg"" crossorigin="""" loading=""lazy"" property=""og:image""/>",https://static.thcdn.com/images/small/original/productimg/960/960/11434756-2064484574775269.jpg
2021-11-03 22:24:02.639281,9,Moisturizer,44,https://www.lookfantastic.com/avene-very-high-protection-b-protect-spf-50-30ml/12090923.html,"<meta content=""Avène Very High Protection B-Protect SPF50+ Sun Cream for Sensitive Skin 30ml"" property=""og:title""/>",Avène Very High Protection B-Protect SPF50+ Sun Cream for Sensitive Skin 30ml,"<meta content=""https://static.thcdn.com/images/small/original//productimg/960/960/12090923-1524879089312684.jpg"" crossorigin="""" loading=""lazy"" property=""og:image""/>",https://static.thcdn.com/images/small/original//productimg/960/960/12090923-1524879089312684.jpg
2021-11-03 22:24:52.921498,1,Cleanser,507,https://www.lookfantastic.com/cerave-hydrating-cleanser-236ml/11798700.html,"<meta content=""CeraVe Hydrating Cleanser 236ml"" property=""og:title""/>",CeraVe Hydrating Cleanser 236ml,"<meta content=""https://static.thcdn.com/images/small/original//productimg/960/960/11798700-1944898991205302.jpg"" crossorigin="""" loading=""lazy"" property=""og:image""/>",https://static.thcdn.com/images/small/original//productimg/960/960/11798700-1944898991205302.jpg
2021-11-03 22:24:55.992251,1,Cleanser,512,https://www.lookfantastic.com/la-roche-posay-effaclar-purifying-cleansing-gel-200ml/11091822.html,"<meta content=""La Roche-Posay Effaclar Purifying Cleansing Gel 200ml"" property=""og:title""/>",La Roche-Posay Effaclar Purifying Cleansing Gel 200ml,"<meta content=""https://static.thcdn.com/images/small/original/productimg/960/960/11091822-1904492013074791.jpg"" crossorigin="""" loading=""lazy"" property=""og:image""/>",https://static.thcdn.com/images/small/original/productimg/960/960/11091822-1904492013074791.jpg
2021-11-03 22:24:58.961934,1,Cleanser,513,https://www.lookfantastic.com/la-roche-posay-effaclar-cleansing-gel-400ml/11434754.html,"<meta content=""La Roche-Posay Effaclar Cleansing Gel 400ml"" property=""og:title""/>",La Roche-Posay Effaclar Cleansing Gel 400ml,"<meta content=""https://static.thcdn.com/images/small/original//productimg/960/960/11434754-1454890135272805.jpg"" crossorigin="""" loading=""lazy"" property=""og:image""/>",https://static.thcdn.com/images/small/original//productimg/960/960/11434754-1454890135272805.jpg
2021-11-03 22:25:53.846365,1,Cleanser,514,https://www.lookfantastic.com/clinique-liquid-facial-soap-mild-200ml/11144710.html,"<meta content=""Clinique Liquid Facial Soap Mild 200ml"" property=""og:title""/>",Clinique Liquid Facial Soap Mild 200ml,"<meta content=""https://static.thcdn.com/images/small/original//productimg/960/960/11144710-8924807563474663.jpg"" crossorigin="""" loading=""lazy"" property=""og:image""/>",https://static.thcdn.com/images/small/original//productimg/960/960/11144710-8924807563474663.jpg
2021-11-03 22:25:56.995519,1,Cleanser,515,https://www.lookfantastic.com/elemis-dynamic-resurfacing-facial-wash-200ml/10362741.html,"<meta content=""Elemis Dynamic Resurfacing Facial Wash"" property=""og:title""/>",Elemis Dynamic Resurfacing Facial Wash,"<meta content=""https://static.thcdn.com/images/small/original//productimg/960/960/12967326-1074891250264253.jpg"" crossorigin="""" loading=""lazy"" property=""og:image""/>",https://static.thcdn.com/images/small/original//productimg/960/960/12967326-1074891250264253.jpg
2021-11-03 22:26:00.681108,1,Cleanser,516,https://www.lookfantastic.com/first-aid-beauty-face-cleanser-142g/11054487.html,"<meta content=""First Aid Beauty Face Cleanser 142g"" property=""og:title""/>",First Aid Beauty Face Cleanser 142g,"<meta content=""https://static.thcdn.com/images/small/original//productimg/960/960/11054487-7024901860582746.jpg"" crossorigin="""" loading=""lazy"" property=""og:image""/>",https://static.thcdn.com/images/small/original//productimg/960/960/11054487-7024901860582746.jpg
2021-11-03 22:26:51.887755,1,Cleanser,517,https://www.lookfantastic.com/garnier-micellar-water-facial-cleanser-and-makeup-remover-for-sensitive-skin-400ml/11171628.html,"<meta content=""Garnier Micellar Water Facial Cleanser and Makeup Remover for Sensitive Skin 400ml"" property=""og:title""/>",Garnier Micellar Water Facial Cleanser and Makeup Remover for Sensitive Skin 400ml,"<meta content=""https://static.thcdn.com/images/small/original//productimg/960/960/11171628-2294773298829151.jpg"" crossorigin="""" loading=""lazy"" property=""og:image""/>",https://static.thcdn.com/images/small/original//productimg/960/960/11171628-2294773298829151.jpg
2021-11-03 22:26:54.531077,1,Cleanser,518,https://www.lookfantastic.com/caudalie-duo-foaming-cleanser-2-x-150ml/10809273.html,"<meta content=""Caudalie Duo Foaming Cleanser (2 x 150ml) (Worth £30)"" property=""og:title""/>",Caudalie Duo Foaming Cleanser (2 x 150ml) (Worth £30),"<meta content=""https://static.thcdn.com/images/small/original/productimg/960/960/10809273-1474392321515256.jpg"" crossorigin="""" loading=""lazy"" property=""og:image""/>",https://static.thcdn.com/images/small/original/productimg/960/960/10809273-1474392321515256.jpg
2021-11-03 22:26:57.321007,1,Cleanser,519,https://www.lookfantastic.com/liz-earle-cleanse-polish-100ml-pump/12528854.html,"<meta content=""Liz Earle Cleanse &amp; Polish 100ml Pump"" property=""og:title""/>",Liz Earle Cleanse & Polish 100ml Pump,"<meta content=""https://static.thcdn.com/images/small/original//productimg/960/960/12540074-1684764965620194.jpg"" crossorigin="""" loading=""lazy"" property=""og:image""/>",https://static.thcdn.com/images/small/original//productimg/960/960/12540074-1684764965620194.jpg
2021-11-03 22:27:53.813914,1,Cleanser,520,https://www.lookfantastic.com/caudalie-vinopure-purifying-gel-cleanser-150ml/12269260.html,"<meta content=""Caudalie Vinopure Purifying Gel Cleanser 150ml"" property=""og:title""/>",Caudalie Vinopure Purifying Gel Cleanser 150ml,"<meta content=""https://static.thcdn.com/images/small/original/productimg/960/960/12269260-8804701532902459.jpg"" crossorigin="""" loading=""lazy"" property=""og:image""/>",https://static.thcdn.com/images/small/original/productimg/960/960/12269260-8804701532902459.jpg
2021-11-03 22:27:56.781833,1,Cleanser,521,https://www.lookfantastic.com/bulldog-original-face-wash-150ml/11200187.html,"<meta content=""Bulldog Original Face Wash 150ml"" property=""og:title""/>",Bulldog Original Face Wash 150ml,"<meta content=""https://static.thcdn.com/images/small/original/productimg/960/960/11200187-1074461279662586.jpg"" crossorigin="""" loading=""lazy"" property=""og:image""/>",https://static.thcdn.com/images/small/original/productimg/960/960/11200187-1074461279662586.jpg
2021-11-03 22:27:59.812229,1,Cleanser,522,https://www.lookfantastic.com/neutrogena-hydro-boost-water-gel-cleanser-200ml/11433777.html,"<meta content=""Neutrogena Hydro Boost Water Gel Facial Cleanser for Dry or Dehydrated Skin 200ml"" property=""og:title""/>",Neutrogena Hydro Boost Water Gel Facial Cleanser for Dry or Dehydrated Skin 200ml,"<meta content=""https://static.thcdn.com/images/small/original/productimg/960/960/11433777-1484654110721599.jpg"" crossorigin="""" loading=""lazy"" property=""og:image""/>",https://static.thcdn.com/images/small/original/productimg/960/960/11433777-1484654110721599.jpg
2021-11-03 22:28:53.071896,1,Cleanser,523,https://www.lookfantastic.com/nip-fab-teen-skin-fix-pore-blaster-night-wash-145ml/11567226.html,"<meta content=""NIP+FAB Teen Skin Fix Pore Blaster Night Wash 145ml"" property=""og:title""/>",NIP+FAB Teen Skin Fix Pore Blaster Night Wash 145ml,"<meta content=""https://static.thcdn.com/images/small/original/productimg/960/960/11567226-2434529910897060.jpg"" crossorigin="""" loading=""lazy"" property=""og:image""/>",https://static.thcdn.com/images/small/original/productimg/960/960/11567226-2434529910897060.jpg
2021-11-03 22:28:56.067466,1,Cleanser,524,https://www.lookfantastic.com/elemis-superfood-cleansing-wash/11642883.html,"<meta content=""Elemis Superfood Facial Wash"" property=""og:title""/>",Elemis Superfood Facial Wash,"<meta content=""https://static.thcdn.com/images/small/original//productimg/960/960/11642883-1514898326450035.jpg"" crossorigin="""" loading=""lazy"" property=""og:image""/>",https://static.thcdn.com/images/small/original//productimg/960/960/11642883-1514898326450035.jpg
2021-11-03 22:28:59.687840,1,Cleanser,525,https://www.lookfantastic.com/bioderma-hybrabio-h2o-500ml-duo-pack/12320869.html,"<meta content=""Bioderma Hydrabio Cleansing Micellar Water Dehydrated Skin Duo Pack 500ml"" property=""og:title""/>",Bioderma Hydrabio Cleansing Micellar Water Dehydrated Skin Duo Pack 500ml,"<meta content=""https://static.thcdn.com/images/small/original//productimg/960/960/12320869-6214812151938831.jpg"" crossorigin="""" loading=""lazy"" property=""og:image""/>",https://static.thcdn.com/images/small/original//productimg/960/960/12320869-6214812151938831.jpg
2021-11-03 22:29:53.463326,1,Cleanser,526,https://www.lookfantastic.com/la-roche-posay-toleriane-dermo-cleanser-200ml/11091885.html,"<meta content=""La Roche-Posay Toleriane Dermo-Cleanser 200ml"" property=""og:title""/>",La Roche-Posay Toleriane Dermo-Cleanser 200ml,"<meta content=""https://static.thcdn.com/images/small/original/productimg/960/960/11091885-1244444620462162.jpg"" crossorigin="""" loading=""lazy"" property=""og:image""/>",https://static.thcdn.com/images/small/original/productimg/960/960/11091885-1244444620462162.jpg
2021-11-03 22:50:42.923449,9,Moisturizer,45,https://www.lookfantastic.com/avene-tolerance-extreme-emulsion-50ml/11571253.html,"<meta content=""Avène Tolerance Extrême Emulsion Moisturiser for Intolerant Skin 50ml"" property=""og:title""/>",Avène Tolerance Extrême Emulsion Moisturiser for Intolerant Skin 50ml,"<meta content=""https://static.thcdn.com/images/small/original//productimg/960/960/11571253-1814833171269250.jpg"" crossorigin="""" loading=""lazy"" property=""og:image""/>",https://static.thcdn.com/images/small/original//productimg/960/960/11571253-1814833171269250.jpg
2021-11-03 22:50:46.588732,9,Moisturizer,46,https://www.lookfantastic.com/estee-lauder-daywear-advanced-multi-protection-anti-oxidant-creme-spf15-n-c-50ml/11141582.html,"<meta content=""Estée Lauder DayWear Advanced Multi-Protection Anti-Oxidant Creme SPF15 N/C 50ml"" property=""og:title""/>",Estée Lauder DayWear Advanced Multi-Protection Anti-Oxidant Creme SPF15 N/C 50ml,"<meta content=""https://static.thcdn.com/images/small/original//productimg/960/960/11141582-5394871766093090.jpg"" crossorigin="""" loading=""lazy"" property=""og:image""/>",https://static.thcdn.com/images/small/original//productimg/960/960/11141582-5394871766093090.jpg
2021-11-03 22:51:27.044795,9,Moisturizer,47,https://www.lookfantastic.com/the-chemistry-brand-intense-youth-complex-hand-cream-100ml/10985285.html,"<meta content=""The Chemistry Brand Intense Youth Complex Hand Cream 100ml"" property=""og:title""/>",The Chemistry Brand Intense Youth Complex Hand Cream 100ml,"<meta content=""https://static.thcdn.com/images/small/original/productimg/960/960/10985285-3374461781664949.jpg"" crossorigin="""" loading=""lazy"" property=""og:image""/>",https://static.thcdn.com/images/small/original/productimg/960/960/10985285-3374461781664949.jpg
2021-11-03 22:51:29.792220,9,Moisturizer,48,https://www.lookfantastic.com/avene-tolerance-extreme-cream-50ml/11571258.html,"<meta content=""Avène Tolérance Extrême Cream Moisturiser for Intolerant Skin 50ml"" property=""og:title""/>",Avène Tolérance Extrême Cream Moisturiser for Intolerant Skin 50ml,"<meta content=""https://static.thcdn.com/images/small/original//productimg/960/960/11571258-7434833171517671.jpg"" crossorigin="""" loading=""lazy"" property=""og:image""/>",https://static.thcdn.com/images/small/original//productimg/960/960/11571258-7434833171517671.jpg
2021-11-03 22:51:33.337496,9,Moisturizer,49,https://www.lookfantastic.com/la-roche-posay-toleriane-ultra-overnight-moisturiser-40ml/11259356.html,"<meta content=""La Roche-Posay Toleriane Ultra Overnight Moisturiser 40ml"" property=""og:title""/>",La Roche-Posay Toleriane Ultra Overnight Moisturiser 40ml,"<meta content=""https://static.thcdn.com/images/small/original/productimg/960/960/11259356-4114665241706259.jpg"" crossorigin="""" loading=""lazy"" property=""og:image""/>",https://static.thcdn.com/images/small/original/productimg/960/960/11259356-4114665241706259.jpg
2021-11-03 22:51:36.274481,9,Moisturizer,50,https://www.lookfantastic.com/elemis-pro-collagen-marine-cream-spf30-50ml/11419327.html,"<meta content=""Elemis Pro-Collagen Marine Cream SPF30 50ml"" property=""og:title""/>",Elemis Pro-Collagen Marine Cream SPF30 50ml,"<meta content=""https://static.thcdn.com/images/small/original//productimg/960/960/11419327-8604891243462257.jpg"" crossorigin="""" loading=""lazy"" property=""og:image""/>",https://static.thcdn.com/images/small/original//productimg/960/960/11419327-8604891243462257.jpg
2021-11-03 22:52:26.614930,9,Moisturizer,51,https://www.lookfantastic.com/avene-aqua-gel-50ml/12312809.html,"<meta content=""Avène Hydrance Aqua-Gel Moisturiser for Dehydrated Skin 50ml"" property=""og:title""/>",Avène Hydrance Aqua-Gel Moisturiser for Dehydrated Skin 50ml,"<meta content=""https://static.thcdn.com/images/small/original//productimg/960/960/12312809-1714857552942468.jpg"" crossorigin="""" loading=""lazy"" property=""og:image""/>",https://static.thcdn.com/images/small/original//productimg/960/960/12312809-1714857552942468.jpg
2021-11-03 22:52:30.258504,9,Moisturizer,52,https://www.lookfantastic.com/la-roche-posay-effaclar-k-anti-blackhead-moisturiser-40ml/11134733.html,"<meta content=""La Roche-Posay Effaclar K(+) Anti-Blackhead Moisturiser 40ml"" property=""og:title""/>",La Roche-Posay Effaclar K(+) Anti-Blackhead Moisturiser 40ml,"<meta content=""https://static.thcdn.com/images/small/original/productimg/960/960/11134733-1814665245394678.jpg"" crossorigin="""" loading=""lazy"" property=""og:image""/>",https://static.thcdn.com/images/small/original/productimg/960/960/11134733-1814665245394678.jpg
2021-11-03 22:52:35.300479,9,Moisturizer,53,https://www.lookfantastic.com/the-inkey-list-snow-mushroom/12211784.html,"<meta content=""The INKEY List Snow Mushroom"" property=""og:title""/>",The INKEY List Snow Mushroom,"<meta content=""https://static.thcdn.com/images/small/original//productimg/960/960/12211784-1264895728633275.jpg"" crossorigin="""" loading=""lazy"" property=""og:image""/>",https://static.thcdn.com/images/small/original//productimg/960/960/12211784-1264895728633275.jpg
2021-11-03 22:53:26.630377,9,Moisturizer,54,https://www.lookfantastic.com/la-roche-posay-nutritic-intense-rich-50ml/11091859.html,"<meta content=""La Roche-Posay Nutritic Intense Rich 50ml"" property=""og:title""/>",La Roche-Posay Nutritic Intense Rich 50ml,"<meta content=""https://static.thcdn.com/images/small/original/productimg/960/960/11091859-1864588271649438.jpg"" crossorigin="""" loading=""lazy"" property=""og:image""/>",https://static.thcdn.com/images/small/original/productimg/960/960/11091859-1864588271649438.jpg
2021-11-03 22:53:29.422961,1,Cleanser,527,https://www.lookfantastic.com/liz-earle-cleanse-polish-200ml-tube/12528848.html,"<meta content=""Liz Earle Cleanse &amp; Polish 200ml Tube"" property=""og:title""/>",Liz Earle Cleanse & Polish 200ml Tube,"<meta content=""https://static.thcdn.com/images/small/original//productimg/960/960/12528848-1884900052767224.jpg"" crossorigin="""" loading=""lazy"" property=""og:image""/>",https://static.thcdn.com/images/small/original//productimg/960/960/12528848-1884900052767224.jpg
2021-11-03 22:53:43.348562,1,Cleanser,528,https://www.lookfantastic.com/origins-checks-and-balances-frothy-face-wash-150ml/11138293.html,"<meta content=""Origins Checks and Balances Frothy Face Wash 150ml"" property=""og:title""/>",Origins Checks and Balances Frothy Face Wash 150ml,"<meta content=""https://static.thcdn.com/images/small/original/productimg/960/960/11138293-2004608417844518.jpg"" crossorigin="""" loading=""lazy"" property=""og:image""/>",https://static.thcdn.com/images/small/original/productimg/960/960/11138293-2004608417844518.jpg
2021-11-03 22:54:26.678667,1,Cleanser,529,https://www.lookfantastic.com/avene-face-essentials-cleansing-foam-150ml/11571236.html,"<meta content=""Avène Mattifying Cleansing Foam for Sensitive Skin 150ml"" property=""og:title""/>",Avène Mattifying Cleansing Foam for Sensitive Skin 150ml,"<meta content=""https://static.thcdn.com/images/small/original//productimg/960/960/11571236-1104893082742628.jpg"" crossorigin="""" loading=""lazy"" property=""og:image""/>",https://static.thcdn.com/images/small/original//productimg/960/960/11571236-1104893082742628.jpg
2021-11-03 22:54:30.066026,1,Cleanser,530,https://www.lookfantastic.com/clinique-anti-blemish-solutions-cleansing-foam-125ml/10366669.html,"<meta content=""Clinique Anti Blemish Solutions Cleansing Foam 125ml"" property=""og:title""/>",Clinique Anti Blemish Solutions Cleansing Foam 125ml,"<meta content=""https://static.thcdn.com/images/small/original//productimg/960/960/10366669-9744807563312177.jpg"" crossorigin="""" loading=""lazy"" property=""og:image""/>",https://static.thcdn.com/images/small/original//productimg/960/960/10366669-9744807563312177.jpg
2021-11-03 22:54:32.794529,1,Cleanser,531,https://www.lookfantastic.com/neutrogena-oil-balancing-facial-wash-200ml/11433848.html,"<meta content=""Neutrogena Oil Balancing Facial Wash with Lime and Aloe Vera for Oily Skin 200ml"" property=""og:title""/>",Neutrogena Oil Balancing Facial Wash with Lime and Aloe Vera for Oily Skin 200ml,"<meta content=""https://static.thcdn.com/images/small/original/productimg/960/960/11433848-3734711835486034.jpg"" crossorigin="""" loading=""lazy"" property=""og:image""/>",https://static.thcdn.com/images/small/original/productimg/960/960/11433848-3734711835486034.jpg
2021-11-03 22:55:27.496734,1,Cleanser,532,https://www.lookfantastic.com/bulldog-oil-control-face-wash-150ml/11393162.html,"<meta content=""Bulldog Oil Control Face Wash 150ml"" property=""og:title""/>",Bulldog Oil Control Face Wash 150ml,"<meta content=""https://static.thcdn.com/images/small/original/productimg/960/960/11393162-2014461279465213.jpg"" crossorigin="""" loading=""lazy"" property=""og:image""/>",https://static.thcdn.com/images/small/original/productimg/960/960/11393162-2014461279465213.jpg
2021-11-03 22:55:30.154112,1,Cleanser,533,https://www.lookfantastic.com/dr-dennis-gross-alpha-beta-pore-perfecting-cleansing-gel/11984108.html,"<meta content=""Dr Dennis Gross Alpha Beta Pore Perfecting Cleansing Gel"" property=""og:title""/>",Dr Dennis Gross Alpha Beta Pore Perfecting Cleansing Gel,"<meta content=""https://static.thcdn.com/images/small/original//productimg/960/960/11984108-1444895695157556.jpg"" crossorigin="""" loading=""lazy"" property=""og:image""/>",https://static.thcdn.com/images/small/original//productimg/960/960/11984108-1444895695157556.jpg
2021-11-03 22:55:32.991408,1,Cleanser,534,https://www.lookfantastic.com/la-roche-posay-cicaplast-b5-anti-bacterial-cleansing-wash-200ml/12021435.html,"<meta content=""La Roche-Posay Cicaplast B5 Anti-Bacterial Cleansing Wash 200ml"" property=""og:title""/>",La Roche-Posay Cicaplast B5 Anti-Bacterial Cleansing Wash 200ml,"<meta content=""https://static.thcdn.com/images/small/original/productimg/960/960/12021435-1194645269491100.jpg"" crossorigin="""" loading=""lazy"" property=""og:image""/>",https://static.thcdn.com/images/small/original/productimg/960/960/12021435-1194645269491100.jpg
2021-11-03 22:56:26.581267,1,Cleanser,535,https://www.lookfantastic.com/caudalie-instant-foaming-cleanser-150ml/10727688.html,"<meta content=""Caudalie Instant Foaming Cleanser (150ml)"" property=""og:title""/>",Caudalie Instant Foaming Cleanser (150ml),"<meta content=""https://static.thcdn.com/images/small/original//productimg/960/960/10727688-1324772300971860.jpg"" crossorigin="""" loading=""lazy"" property=""og:image""/>",https://static.thcdn.com/images/small/original//productimg/960/960/10727688-1324772300971860.jpg
2021-11-03 22:56:29.687891,1,Cleanser,536,https://www.lookfantastic.com/cosrx-low-ph-good-morning-cleanser-150ml/11401192.html,"<meta content=""COSRX Low pH Good Morning Cleanser 150ml"" property=""og:title""/>",COSRX Low pH Good Morning Cleanser 150ml,"<meta content=""https://static.thcdn.com/images/small/original//productimg/960/960/11401192-1944895727565704.jpg"" crossorigin="""" loading=""lazy"" property=""og:image""/>",https://static.thcdn.com/images/small/original//productimg/960/960/11401192-1944895727565704.jpg
2021-11-03 23:01:57.195423,9,Moisturizer,55,https://www.lookfantastic.com/origins-ginzing-energy-boosting-tinted-moisturizer-spf40-50ml/11396733.html,"<meta content=""Origins GinZing™ Energy-Boosting Tinted Moisturiser SPF40 50ml"" property=""og:title""/>",Origins GinZing™ Energy-Boosting Tinted Moisturiser SPF40 50ml,"<meta content=""https://static.thcdn.com/images/small/original/productimg/960/960/11396733-1404608417396717.jpg"" crossorigin="""" loading=""lazy"" property=""og:image""/>",https://static.thcdn.com/images/small/original/productimg/960/960/11396733-1404608417396717.jpg
2021-11-03 23:01:59.996006,9,Moisturizer,56,https://www.lookfantastic.com/estee-lauder-daywear-multi-protection-anti-oxidant-creme-spf-15-30ml/11413747.html,"<meta content=""Estée Lauder DayWear Multi-Protection Anti-Oxidant Creme SPF 15 30ml"" property=""og:title""/>",Estée Lauder DayWear Multi-Protection Anti-Oxidant Creme SPF 15 30ml,"<meta content=""https://static.thcdn.com/images/small/original//productimg/960/960/11413747-1314871983960206.jpg"" crossorigin="""" loading=""lazy"" property=""og:image""/>",https://static.thcdn.com/images/small/original//productimg/960/960/11413747-1314871983960206.jpg
2021-11-04 02:04:24.892547,9,Moisturizer,57,https://www.lookfantastic.com/elizabeth-arden-eight-hour-great-8-daily-defense-moisturizer-45ml/12201758.html,"<meta content=""Elizabeth Arden Eight Hour Great 8 Daily Defense Moisturizer 45ml (Sleeved Version)"" property=""og:title""/>",Elizabeth Arden Eight Hour Great 8 Daily Defense Moisturizer 45ml (Sleeved Version),"<meta content=""https://static.thcdn.com/images/small/original//productimg/960/960/12201758-4894789600826763.jpg"" crossorigin="""" loading=""lazy"" property=""og:image""/>",https://static.thcdn.com/images/small/original//productimg/960/960/12201758-4894789600826763.jpg
2021-11-04 02:05:01.373366,9,Moisturizer,58,https://www.lookfantastic.com/skin-doctors-sd-white-and-bright-50ml/10307573.html,"<meta content=""Skin Doctors Sd White (50ml)"" property=""og:title""/>",Skin Doctors Sd White (50ml),"<meta content=""https://static.thcdn.com/images/small/original/productimg/960/960/10307573-1094512497635200.jpg"" crossorigin="""" loading=""lazy"" property=""og:image""/>",https://static.thcdn.com/images/small/original/productimg/960/960/10307573-1094512497635200.jpg
2021-11-04 02:05:04.113817,9,Moisturizer,59,https://www.lookfantastic.com/origins-ginzing-ulta-hydrating-energy-boosting-cream-moisturiser-50ml/12193057.html,"<meta content=""Origins GinZing Ulta Hydrating Energy-Boosting Cream Moisturiser 50ml"" property=""og:title""/>",Origins GinZing Ulta Hydrating Energy-Boosting Cream Moisturiser 50ml,"<meta content=""https://static.thcdn.com/images/small/original//productimg/960/960/12193057-1714744306487676.jpg"" crossorigin="""" loading=""lazy"" property=""og:image""/>",https://static.thcdn.com/images/small/original//productimg/960/960/12193057-1714744306487676.jpg
2021-11-04 02:05:06.994771,9,Moisturizer,60,https://www.lookfantastic.com/prai-ageless-throat-decolletage-creme-50ml/11362310.html,"<meta content=""PRAI AGELESS Throat &amp; Decolletage Crème 50ml"" property=""og:title""/>",PRAI AGELESS Throat & Decolletage Crème 50ml,"<meta content=""https://static.thcdn.com/images/small/original/productimg/960/960/11362310-1694588455485298.jpg"" crossorigin="""" loading=""lazy"" property=""og:image""/>",https://static.thcdn.com/images/small/original/productimg/960/960/11362310-1694588455485298.jpg
2021-11-04 02:05:59.813566,9,Moisturizer,61,https://www.lookfantastic.com/la-roche-posay-toleriane-sensitive-fluid-moisturiser-40ml/11855110.html,"<meta content=""La Roche-Posay Toleriane Sensitive Fluid Moisturiser 40ml"" property=""og:title""/>",La Roche-Posay Toleriane Sensitive Fluid Moisturiser 40ml,"<meta content=""https://static.thcdn.com/images/small/original//productimg/960/960/11855110-9334884282519528.jpg"" crossorigin="""" loading=""lazy"" property=""og:image""/>",https://static.thcdn.com/images/small/original//productimg/960/960/11855110-9334884282519528.jpg
2021-11-04 02:06:02.840985,9,Moisturizer,62,https://www.lookfantastic.com/la-roche-posay-effaclar-mat-40ml/11091826.html,"<meta content=""La Roche-Posay Effaclar MAT+ 40ml"" property=""og:title""/>",La Roche-Posay Effaclar MAT+ 40ml,"<meta content=""https://static.thcdn.com/images/small/original/productimg/960/960/11091826-5394684952065356.jpg"" crossorigin="""" loading=""lazy"" property=""og:image""/>",https://static.thcdn.com/images/small/original/productimg/960/960/11091826-5394684952065356.jpg
2021-11-04 02:07:07.149835,9,Moisturizer,63,https://www.lookfantastic.com/clinique-moisture-surge-72-hour-auto-replenishing-hydrator-50ml/11144741.html,"<meta content=""Clinique Moisture Surge 100 Hour Auto-Replenishing Hydrator 50ml"" property=""og:title""/>",Clinique Moisture Surge 100 Hour Auto-Replenishing Hydrator 50ml,"<meta content=""https://static.thcdn.com/images/small/original//productimg/960/960/12849046-9984850030773704.jpg"" crossorigin="""" loading=""lazy"" property=""og:image""/>",https://static.thcdn.com/images/small/original//productimg/960/960/12849046-9984850030773704.jpg
2021-11-04 02:07:11.109562,9,Moisturizer,64,https://www.lookfantastic.com/elemis-pro-collagen-marine-cream-50ml/10364543.html,"<meta content=""Elemis Pro-Collagen Marine Cream"" property=""og:title""/>",Elemis Pro-Collagen Marine Cream,"<meta content=""https://static.thcdn.com/images/small/original//productimg/960/960/12953470-1934891250204709.jpg"" crossorigin="""" loading=""lazy"" property=""og:image""/>",https://static.thcdn.com/images/small/original//productimg/960/960/12953470-1934891250204709.jpg
2021-11-04 02:07:14.897687,9,Moisturizer,65,https://www.lookfantastic.com/la-roche-posay-toleriane-ultra-fluid-40ml/11196312.html,"<meta content=""La Roche-Posay Toleriane Ultra Fluid 40ml"" property=""og:title""/>",La Roche-Posay Toleriane Ultra Fluid 40ml,"<meta content=""https://static.thcdn.com/images/small/original/productimg/960/960/11196312-2404665239287368.jpg"" crossorigin="""" loading=""lazy"" property=""og:image""/>",https://static.thcdn.com/images/small/original/productimg/960/960/11196312-2404665239287368.jpg
2021-11-04 02:07:18.090778,9,Moisturizer,66,https://www.lookfantastic.com/clinique-moisture-surge-72-hour-auto-replenishing-hydrator-15ml/12076053.html,"<meta content=""Clinique Moisture Surge 72-Hour Auto-Replenishing Hydrator 15ml"" property=""og:title""/>",Clinique Moisture Surge 72-Hour Auto-Replenishing Hydrator 15ml,"<meta content=""https://static.thcdn.com/images/small/original/productimg/960/960/12076053-8184666487282829.jpg"" crossorigin="""" loading=""lazy"" property=""og:image""/>",https://static.thcdn.com/images/small/original/productimg/960/960/12076053-8184666487282829.jpg
2021-11-04 02:08:10.083106,9,Moisturizer,67,https://www.lookfantastic.com/clinique-for-men-moisturizing-lotion-100ml/10921700.html,"<meta content=""Clinique for Men Moisturising Lotion 100ml"" property=""og:title""/>",Clinique for Men Moisturising Lotion 100ml,"<meta content=""https://static.thcdn.com/images/small/original//productimg/960/960/10921700-2014755375356319.jpg"" crossorigin="""" loading=""lazy"" property=""og:image""/>",https://static.thcdn.com/images/small/original//productimg/960/960/10921700-2014755375356319.jpg
2021-11-04 02:09:23.946418,9,Moisturizer,68,https://www.lookfantastic.com/bulldog-oil-control-moisturiser-100ml/11393161.html,"<meta content=""Bulldog Oil Control Moisturiser 100ml"" property=""og:title""/>",Bulldog Oil Control Moisturiser 100ml,"<meta content=""https://static.thcdn.com/images/small/original/productimg/960/960/11393161-1654461279484506.jpg"" crossorigin="""" loading=""lazy"" property=""og:image""/>",https://static.thcdn.com/images/small/original/productimg/960/960/11393161-1654461279484506.jpg
2021-11-04 02:09:26.781552,9,Moisturizer,69,https://www.lookfantastic.com/bulldog-age-defence-moisturiser-100ml/10599978.html,"<meta content=""Bulldog Age Defence Moisturiser 100ml"" property=""og:title""/>",Bulldog Age Defence Moisturiser 100ml,"<meta content=""https://static.thcdn.com/images/small/original/productimg/960/960/10599978-1284644206885586.jpg"" crossorigin="""" loading=""lazy"" property=""og:image""/>",https://static.thcdn.com/images/small/original/productimg/960/960/10599978-1284644206885586.jpg
2021-11-04 02:09:29.795415,1,Cleanser,537,https://www.lookfantastic.com/aesop-amazing-face-cleanser-200ml/10366097.html,"<meta content=""Aesop Amazing Face Cleanser 200ml"" property=""og:title""/>",Aesop Amazing Face Cleanser 200ml,"<meta content=""https://static.thcdn.com/images/small/original//productimg/960/960/10366097-8724884266645475.jpg"" crossorigin="""" loading=""lazy"" property=""og:image""/>",https://static.thcdn.com/images/small/original//productimg/960/960/10366097-8724884266645475.jpg
2021-11-04 02:10:38.270688,1,Cleanser,538,https://www.lookfantastic.com/philosophy-purity-one-step-facial-cleanser-480ml/11764064.html,"<meta content=""philosophy Purity One-Step Facial Cleanser 480ml"" property=""og:title""/>",philosophy Purity One-Step Facial Cleanser 480ml,"<meta content=""https://static.thcdn.com/images/small/original//productimg/960/960/11764064-3454818442233489.jpg"" crossorigin="""" loading=""lazy"" property=""og:image""/>",https://static.thcdn.com/images/small/original//productimg/960/960/11764064-3454818442233489.jpg
2021-11-04 02:10:42.348398,1,Cleanser,539,https://www.lookfantastic.com/vichy-normaderm-deep-cleansing-purifying-gel-200ml/11091760.html,"<meta content=""VICHY Normaderm Deep Cleansing Purifying Gel 200ml"" property=""og:title""/>",VICHY Normaderm Deep Cleansing Purifying Gel 200ml,"<meta content=""https://static.thcdn.com/images/small/original//productimg/960/960/11091760-4324884278583840.jpg"" crossorigin="""" loading=""lazy"" property=""og:image""/>",https://static.thcdn.com/images/small/original//productimg/960/960/11091760-4324884278583840.jpg
2021-11-04 02:11:39.861797,1,Cleanser,540,https://www.lookfantastic.com/nip-fab-teen-skin-fix-pore-blaster-day-wash-145ml/11567225.html,"<meta content=""NIP+FAB Teen Skin Fix Pore Blaster Day Wash 145ml"" property=""og:title""/>",NIP+FAB Teen Skin Fix Pore Blaster Day Wash 145ml,"<meta content=""https://static.thcdn.com/images/small/original/productimg/960/960/11567225-5754529910864756.jpg"" crossorigin="""" loading=""lazy"" property=""og:image""/>",https://static.thcdn.com/images/small/original/productimg/960/960/11567225-5754529910864756.jpg
2021-11-04 02:12:36.591556,1,Cleanser,541,https://www.lookfantastic.com/clinique-liquid-facial-soap-oily-skin-formula-200ml/11144711.html,"<meta content=""Clinique Liquid Facial Soap Oily Skin Formula 200ml"" property=""og:title""/>",Clinique Liquid Facial Soap Oily Skin Formula 200ml,"<meta content=""https://static.thcdn.com/images/small/original//productimg/960/960/11144711-1164807563524010.jpg"" crossorigin="""" loading=""lazy"" property=""og:image""/>",https://static.thcdn.com/images/small/original//productimg/960/960/11144711-1164807563524010.jpg
2021-11-04 02:12:39.869466,1,Cleanser,542,https://www.lookfantastic.com/clinique-rinse-off-foaming-cleanser-150ml/11144726.html,"<meta content=""Clinique Rinse-Off Foaming Cleanser 150ml"" property=""og:title""/>",Clinique Rinse-Off Foaming Cleanser 150ml,"<meta content=""https://static.thcdn.com/images/small/original//productimg/960/960/11144726-2114807563579432.jpg"" crossorigin="""" loading=""lazy"" property=""og:image""/>",https://static.thcdn.com/images/small/original//productimg/960/960/11144726-2114807563579432.jpg
2021-11-04 02:12:42.920727,1,Cleanser,543,https://www.lookfantastic.com/avene-gentle-milk-cleanser/11523971.html,"<meta content=""Avène Gentle Milk Cleanser and Make-Up Remover for Sensitive Skin 200ml"" property=""og:title""/>",Avène Gentle Milk Cleanser and Make-Up Remover for Sensitive Skin 200ml,"<meta content=""https://static.thcdn.com/images/small/original//productimg/960/960/11523971-1644893082528122.jpg"" crossorigin="""" loading=""lazy"" property=""og:image""/>",https://static.thcdn.com/images/small/original//productimg/960/960/11523971-1644893082528122.jpg
2021-11-04 02:13:58.532288,1,Cleanser,544,https://www.lookfantastic.com/bulldog-sensitive-face-wash-150ml/10945360.html,"<meta content=""Bulldog Sensitive Face Wash 150ml"" property=""og:title""/>",Bulldog Sensitive Face Wash 150ml,"<meta content=""https://static.thcdn.com/images/small/original/productimg/960/960/10945360-1714461279743772.jpg"" crossorigin="""" loading=""lazy"" property=""og:image""/>",https://static.thcdn.com/images/small/original/productimg/960/960/10945360-1714461279743772.jpg
2021-11-04 02:15:00.075811,1,Cleanser,545,https://www.lookfantastic.com/garnier-micellar-gel-face-wash-sensitive-skin-200ml/11919598.html,"<meta content=""Garnier Micellar Gel Face Wash Sensitive Skin 200ml"" property=""og:title""/>",Garnier Micellar Gel Face Wash Sensitive Skin 200ml,"<meta content=""https://static.thcdn.com/images/small/original/productimg/960/960/11919598-8834624315286499.jpg"" crossorigin="""" loading=""lazy"" property=""og:image""/>",https://static.thcdn.com/images/small/original/productimg/960/960/11919598-8834624315286499.jpg
2021-11-04 02:15:03.562963,1,Cleanser,546,https://www.lookfantastic.com/sukin-foaming-facial-cleanser-125ml/10961543.html,"<meta content=""Sukin Foaming Facial Cleanser (125ml)"" property=""og:title""/>",Sukin Foaming Facial Cleanser (125ml),"<meta content=""https://static.thcdn.com/images/small/original//productimg/960/960/10961543-1324864263262434.jpg"" crossorigin="""" loading=""lazy"" property=""og:image""/>",https://static.thcdn.com/images/small/original//productimg/960/960/10961543-1324864263262434.jpg
2021-11-04 02:15:06.889597,1,Cleanser,547,https://www.lookfantastic.com/clinique-for-men-face-wash-200ml/10921701.html,"<meta content=""Clinique for Men Face Wash 200ml"" property=""og:title""/>",Clinique for Men Face Wash 200ml,"<meta content=""https://static.thcdn.com/images/small/original//productimg/960/960/10921701-7634755375444330.jpg"" crossorigin="""" loading=""lazy"" property=""og:image""/>",https://static.thcdn.com/images/small/original//productimg/960/960/10921701-7634755375444330.jpg
2021-11-04 02:16:01.941354,1,Cleanser,548,https://www.lookfantastic.com/neutrogena-pink-grapefruit-medicated-facial-wipes/11433841.html,"<meta content=""Neutrogena Pink Grapefruit Medicated Facial Wipes (25 Wipes)"" property=""og:title""/>",Neutrogena Pink Grapefruit Medicated Facial Wipes (25 Wipes),"<meta content=""https://static.thcdn.com/images/small/original/productimg/960/960/11433841-5494654311266727.jpg"" crossorigin="""" loading=""lazy"" property=""og:image""/>",https://static.thcdn.com/images/small/original/productimg/960/960/11433841-5494654311266727.jpg
2021-11-04 02:16:06.080551,1,Cleanser,549,https://www.lookfantastic.com/murad-clarifying-cleanser-200ml/10375510.html,"<meta content=""Murad Clarifying Cleanser 200ml"" property=""og:title""/>",Murad Clarifying Cleanser 200ml,"<meta content=""https://static.thcdn.com/images/small/original//productimg/960/960/10375510-4764896385325025.jpg"" crossorigin="""" loading=""lazy"" property=""og:image""/>",https://static.thcdn.com/images/small/original//productimg/960/960/10375510-4764896385325025.jpg
2021-11-04 02:16:09.062264,1,Cleanser,550,https://www.lookfantastic.com/l-oreal-paris-fine-flowers-cleansing-wash-150ml/11740152.html,"<meta content=""L'Oréal Paris Fine Flowers Cleansing Wash 150ml"" property=""og:title""/>",L'Oréal Paris Fine Flowers Cleansing Wash 150ml,"<meta content=""https://static.thcdn.com/images/small/original/productimg/960/960/11740152-7744593916803360.jpg"" crossorigin="""" loading=""lazy"" property=""og:image""/>",https://static.thcdn.com/images/small/original/productimg/960/960/11740152-7744593916803360.jpg
2021-11-04 02:17:06.007726,1,Cleanser,551,https://www.lookfantastic.com/clinique-redness-solutions-soothing-cleanser-150ml/11144770.html,"<meta content=""Clinique Redness Solutions Soothing Cleanser 150ml"" property=""og:title""/>",Clinique Redness Solutions Soothing Cleanser 150ml,"<meta content=""https://static.thcdn.com/images/small/original/productimg/960/960/11144770-7814328983458492.jpg"" crossorigin="""" loading=""lazy"" property=""og:image""/>",https://static.thcdn.com/images/small/original/productimg/960/960/11144770-7814328983458492.jpg
