0_water,1_water,2_water,3_water
BeautyPro Detoxifying Foaming Cleansing Sheet Mask with Activated Charcoal,A'kin Hydrating Mist Toner 150ml,Acorelle Pure Harvest Body Perfume - 100ml,A'kin Rose Mist Toner 150ml
DHC Olive Virgin Oil (30ml),Aesop Amazing Face Cleanser 200ml,Aesop Parsley Seed Anti-Oxidant Eye Cream 10ml,AHAVA Purifying Mud Mask 100ml
Indeed Labs Squalane Facial Oil 30ml,Aesop Chamomile Concentrate Anti-Blemish Mask 60ml,Aesop Parsley Seed Anti-Oxidant Eye Serum 15ml,AHAVA Single Use Mud Mask 8ml
"JASON Vitamin E 32,000iu Oil - Scar & Stretch Mark Treatment 30ml",AHAVA Single Use 24K Gold Mineral Mud Mask 6ml,Avant Skincare Proactive Mandelic Acid Restoring and Anti-Pollution Toner 200ml,Erno Laszlo Phelityl Cleansing Bar (100g)
Lanolips 101 Ointment Multi-Balm - Peach 10g,AHAVA Single Use Brightening & Hydration Mask 6ml,Avant Skincare Velvet Perfecting Rose Sugar Lip Scrub 10ml,Erno Laszlo Sea Mud Deep Cleansing Bar (100g)
Peter Thomas Roth Oiless Oil 100% Purified Squalane,AHAVA Single Use Clearing Mask 6ml,Avène Cleanance Cleansing Gel 200ml,Estée Lauder Resilience Multi-Effect Tri-Peptide Eye Crème 15ml
Sukin Rose Hip Oil (25ml),AHAVA Single Use Facial Renewal Peel 8ml,BBB London Rosewater Mist 50ml,First Aid Beauty Ultra Repair Intensive Lip Balm (10g)
The Ordinary 100% Cold Pressed Virgin Marula Oil 30ml,AHAVA Single Use Hydration Cream Mask 8ml,Benton Aloe Soothing Mask Pack -1 Ea,Frank Body Original Coffee Scrub 200g
The Ordinary 100% Organic Virgin Chia Seed Oil,AHAVA Single Use Overnight Deep Wrinkle Mask 6ml,Bondi Sands Self Tanning Mist 250ml - Dark,INIKA Phytofuse Renew Caviar Lime Exfoliator
Trilogy Certified Organic Rosehip Oil 20ml,AHAVA Uplifting & Firming Sheet Mask,Bondi Sands Self Tanning Mist 250ml - Light/Medium,MAC Fast Response Eye Cream 15ml
Trilogy Certified Organic Rosehip Oil 45ml,Alchimie Forever Dry Skin Balm,Chantecaille Bio Lift Mask - 50ml,Mauli Supreme Skin Rose Mist
The Ordinary 100% Pycnogenol 5% 15ml,Alpha-H Beauty Sleep Power Peel 50ml,Chantecaille Hibiscus and Bamboo Exfoliating Cream,OSKIA Renaissance Cleansing Gel (100ml)
Natio Ageless Rosehip Oil Cold Pressed 15ml,Alpha-H Daily Essential Moisturiser Spf50+ (50ml),Chantecaille Jasmine & Lily Healing Mask,Peter Thomas Roth Retinol Fusion PM 30ml
Weleda Almond Soothing Facial Oil (50ml),Ambre Solaire After Sun Cooling Hyaluronic Acid Face Sheet Mask 32g,Clinique All About Eyes Eye Cream 15ml,REN Clean Skincare Evercalm Overnight Recovery Balm 30ml
Caudalie Grape Water 75ml,AMELIORATE Intensive Lip Treatment 15ml,DECLÉOR Hydra Floral Everfresh Hydrating Wide-Open Eye Gel,
Caudalie Supersize Grape Water (200ml),AMELIORATE Transforming Body Cream 225ml,DECLÉOR Hydra Floral White Petal Skin Perfecting Concentrate 30ml,
Balance Me Radiance Face Oil 30ml,AMELIORATE Transforming Body Lotion 200ml,Estée Lauder Perfectionist [CP+R] Wrinkle Lifting/Firming Serum 30ml,
BeautyPro Brightening Collagen Sheet Mask with Vitamin C,Antipodes Aura Manuka Honey Mask 75ml,Eve Lom Rescue Mask (100ml),
Dr Hauschka Lip Balm 4.5ml,Antipodes Avocado Pear Nourishing Night Cream 60ml,First Aid Beauty KP Bump Eraser Body Scrub with 10% AHA 226ml,
Moroccanoil Shimmering Body Oil 50ml,Antipodes Baptise H20 Ultra-Hydrating Water Gel 60ml,First Aid Beauty Ultra Repair Cream (170g),
Mama Mio The Tummy Rub Oil 120ml,Antipodes Hallelujah Lime & Patchouli Cleanser 200ml,First Aid Beauty Ultra Repair Cream (56.7g),
Mama Mio The Tummy Rub Oil 200ml,Antipodes Halo Skin Brightening Facial Mud Mask 75g,Frank Body Cacao Coffee Scrub 200g,
BeautyPro CBD Oil Infused Sheet Mask 22ml,Antipodes Kiwi Seed Oil Eye Cream 30ml,Frank Body Coconut Coffee Scrub 200g,
Balance Me Cleanse and Smooth Face Balm 125ml,APIVITA Deep Cleansing Face Mask - Green Clay 50ml,Frank Body Peppermint Scrub 200g,
yes to Cucumbers Exfoliating Cleansing Balm 120g,APIVITA Express Deep Cleansing Face Mask - Green Clay 2x8ml,Garnier Ambre Solaire Dry Mist Fast Absorbing Sun Cream Spray SPF30 200ml,
Dermalogica Total Eye Care 15ml,APIVITA Express Detox Face Mask - Pumpkin 2x8ml,Garnier Ambre Solaire Sensitive Hydrating Hypoallergenic Face Sun Cream Mist SPF50 75ml,
,APIVITA Express Firming Face Mask - Royal Jelly 2x8ml,Garnier Ambre Solaire Sensitive Hypoallergenic Dry Mist Sun Cream Spray SPF50 200ml,
,APIVITA Express Intense Moisturizing Face Mask - Cucumber 2x8ml,Holika Holika Good Cera Super Ceramide Moisture Balm 40ml,
,APIVITA Express Line Reducing Face Mask - Grape 2x8ml,Holika Holika Prime Youth Black Snail Repair Toner,
,APIVITA Express Moisturizing & Soothing Face Mask - Prickly Pear 2x8ml,James Read Instant Bronzing Mist 200ml,
,APIVITA Express Moisturizing Face Mask - Aloe 2 x 8ml,JASON Aloe Vera 98% Moisturising Gel Tube 113g,
,APIVITA Express Moisturizing Face Mask - Honey 2x8ml,La Roche-Posay Anthelios Anti-Shine Sun Protection Invisible SPF50+ Face Mist 75ml,
,APIVITA Express Moisturizing Face Mask - Sea Lavender 2x8ml,Mama Mio The Tummy Rub Butter 120ml - Fragrance Free,
,APIVITA Express Purifying Face Mask for Oily Skin - Propolis 2x8ml,Mama Mio The Tummy Rub Butter 120ml - Lavender and Mint,
,APIVITA Express Radiance Face Mask - Orange 2x8ml,Mama Mio The Tummy Rub Scrub 180ml,
,APIVITA Express Radiance Face Mask - Pomegranate 2x8ml,NIOD Hydration Vaccine Face Cream 50ml,
,APIVITA Moisturizing Face Mask - Aloe 50ml,Omorovicza Blue Diamond Peel (50ml),
,ARK Skincare Hydrating Beauty Mist 150ml,OSKIA Renaissance Mask (50ml),
,Armani Prima Mist 100ml,Pai Lotus and Orange Blossom BioAffinity Toner 50ml,
,AromaWorks Purity Face Toner 100ml,PIXI Sun Mist 80ml,
,Aurelia Probiotic Skincare Revitalise & Glow Serum 30ml,Sanctuary Spa Complexion Perfecting Radiance Exfoliator 100ml,
,Aurelia Skincare Firm & Replenish Body Serum 250ml,Sanctuary Spa Complexion Perfecting Radiance Mini Exfoliator 15ml,
,Avant Skincare PH Balancing & Brightening Rose Infusion Day Mist 30ml,TanOrganic Self-Tanning Oil - Brown (100ml),
,Aveda Botanical Kinetics Toning Mist 150ml,The Ordinary Squalane Cleanser 50ml,
,Aveda Hand Relief Night Renewal Serum 30ml,The Ordinary Squalane Cleanser Supersize Exclusive 150ml,
,Avene Antirougeurs Clean Cleanser 200ml,The Organic Pharmacy Four Acid Peel Serum 30ml,
,Avène Antirougeurs Jour Redness Relief Moisturizing Protecting Cream (40ml),The Organic Pharmacy Herbal Toner 100ml,
,Avène Aqua Gel 50ml,,
,Avene Face Essentials Cleansing Foam 150ml,,
,Avene Gentle Exfoliating Scrub 75ml,,
,Avene Gentle Eye Make-Up Remover 125ml,,
,Avène Gentle Milk Cleanser,,
,Avène Gentle Toner 200ml,,
,Avene Hydrance Hydrating Cream 40ml,,
,Avene Hydrance Intense Serum 30ml,,
,Avène Refreshing Eye Contour 15ml,,
,Avène Rich Revitalizing Nourishing Cream 50ml,,
,Avène Soothing Eye Contour Cream 10ml,,
,Avène Soothing Radiance Mask 50ml,,
,Avène Tolérance Extrême Cream 50ml,,
,Avène Tolérance Extrême Emulsion 50ml,,
,Avene Very High Protection B-Protect SPF 50+ 30ml,,
,Balance Me Wonder Eye Cream 15ml,,
,BARBER PRO Face Putty Black Peel-Off Mask with Activated Charcoal (3 Applications),,
,BARBER PRO Gentlemen's Sheet Mask Rejuvenating and Hydrating with Anti-Ageing Collagen,,
,bareMinerals Ageless Genius Firming and Wrinkle Smoothing Eye Cream 15g,,
,bareMinerals Butter Drench Intense Moisurising Day Cream,,
,bareMinerals Clay Chameleon Transforming Purifying Cleanser 120g,,
,bareMinerals Poreless Exfoliating Essence 150ml,,
,bareMinerals Pure Plush Cleansing Foam,,
,bareMinerals SkinLongevity Vital Power Infusion Serum 50ml,,
,BeautyPro Nourishing Collagen Sheet Mask with Olive Extract,,
,BeautyPro THERMOTHERAPY Warming Gold Foil Mask 30g,,
,benefit It's Potent Brightening Eye Cream 14g,,
,benefit Smooth It Off 2-in-1 Facial Cleansing Exfoliator ,,
,Bioderma Hybrabio H2O 500ml Duo Pack,,
,Bioderma Hydrabio Gel Cream 40ml,,
,Bloom and Blossom Rejuvenating Facial Spritz (100ml),,
,Bobbi Brown Extra Eye Repair Cream 15ml,,
,Bobbi Brown Extra Repair Serum 30ml,,
,Bobbi Brown Extra Treatment Lotion 150ml,,
,Bobbi Brown Hydrating Eye Cream 15ml,,
,Bondi Sands Everyday Liquid Gold Gradual Tanning Oil 270ml,,
,Bondi Sands Liquid Gold Self Tanning Oil 150ml,,
,Bulldog Age Defence Eye Roll-On 15ml,,
,Bulldog Age Defence Moisturiser 100ml,,
,Bulldog Energising Eye Roll On 15ml,,
,Bulldog Energising Face Wash 150ml,,
,Bulldog Oil Control Face Mask 100ml,,
,Bulldog Oil Control Face Wash 150ml,,
,Bulldog Oil Control Moisturiser 100ml,,
,Bulldog Original 2-in-1 Beard Shampoo and Conditioner 200ml,,
,Bulldog Original Face Wash 150ml,,
,Bulldog Original Moisturiser 100ml,,
,Bulldog Protective Moisturiser 100ml,,
,Bulldog Sensitive Face Wash 150ml,,
,Bulldog Sensitive Moisturiser 100ml,,
,By Terry Cellularose CC Serum 30ml (Various Shades),,
,By Terry Detoxilyn City Essence Toner,,
,Caudalie Duo Foaming Cleanser (2 x 150ml) (Worth £30),,
,Caudalie Instant Detox Mask (75ml),,
,Caudalie Instant Foaming Cleanser (150ml),,
,Caudalie Instant Foaming Cleanser (50ml),,
,Caudalie Micellar Cleansing Water 400ml ,,
,Caudalie Moisturising Toner (100ml),,
,Caudalie Resvératrol Lift Firming Serum (30ml),,
,Caudalie VineActiv Energizing and Smoothing Eye Cream 15ml,,
,Caudalie VineActiv Glow Activating Anti-Wrinkle Serum 30ml,,
,Caudalie Vinoperfect Dark Spot Correcting Glycolic Night Cream 50ml,,
,Caudalie Vinopure Purifying Gel Cleanser 150ml,,
,Caudalie Vinosource Moisturising Sorbet 40ml,,
,CeraVe Eye Repair Cream 14ml,,
,CeraVe Facial Moisturising Lotion No SPF 52ml,,
,CeraVe Facial Moisturising Lotion SPF 25 52ml,,
,CeraVe Foaming Facial Cleanser 473ml,,
,CeraVe Hydrating Cleanser 236ml,,
,CeraVe Hydrating Cleanser 473ml,,
,CeraVe Moisturising Cream 177ml,,
,CeraVe Moisturising Cream 340g,,
,CeraVe Moisturising Cream 454g,,
,CeraVe Moisturising Cream 50ml,,
,CeraVe Moisturising Lotion 473ml,,
,CeraVe Smoothing Cleanser 236ml,,
,CeraVe Smoothing Cream 177ml,,
,Chantecaille Vital Essence 50ml,,
,Clinique 7 Day Scrub Cream Rinse-Off Formula 100ml,,
,Clinique Anti Blemish Solutions Cleansing Foam 125ml,,
,Clinique Anti Blemish Solutions Cleansing Gel 125ml,,
,Clinique Clarifying Lotion 2 200ml,,
,Clinique Clarifying Lotion 2 400ml,,
,Clinique Clarifying Lotion 3 200ml,,
,Clinique Clarifying Lotion 3 400ml,,
,Clinique Dramatically Different Moisturising Gel 125ml with Pump,,
,Clinique Dramatically Different Moisturising Lotion+ 125ml with Pump,,
,Clinique Even Better Clinical Radical Dark Spot Corrector + Interrupter 30ml,,
,Clinique Even Better Clinical Radical Dark Spot Corrector + Interrupter 50ml,,
,Clinique Exfoliating Scrub 100ml,,
,Clinique for Men Anti-Age Moisturiser 100ml,,
,Clinique for Men Charcoal Face Wash 200ml,,
,Clinique for Men Face Wash 200ml,,
,Clinique for Men Moisturising Lotion 100ml,,
,Clinique for Men Oil-Control Moisturiser 100ml,,
,Clinique for Men Super Energizer Anti-Fatigue Depuffing Eye Gel 15ml,,
,Clinique Liquid Facial Soap Mild 200ml,,
,Clinique Liquid Facial Soap Oily Skin Formula 200ml,,
,Clinique Moisture Surge 72 Hour Auto Replenishing Hydrator 50ml,,
,Clinique Moisture Surge 72 Hour Moisturiser 75ml,,
,Clinique Moisture Surge 72-Hour Auto Replenishing Hydrator 30ml,,
,Clinique Moisture Surge 72-Hour Auto-Replenishing Hydrator 15ml,,
,Clinique Moisture Surge Eye 96-Hour Hydro-Filler Concentrate 15ml,,
,Clinique Moisture Surge Intense Skin Fortifying Hydrator 50ml,,
,Clinique Moisture Surge Overnight Mask 100ml,,
,Clinique Moisture Surge Overnight Mask 15ml,,
,Clinique Moisture Surge SPF25 Sheertint Hydrator - Universal Light Medium 40ml,,
,Clinique Naturally Gentle Eye Make-Up Remover 75ml,,
,Clinique Pep Start Eye Cream 15ml,,
,Clinique Pep-Start 2-in-1 Exfoliating Cleanser 125ml,,
,Clinique Redness Solutions Daily Relief Cream 50ml,,
,Clinique Redness Solutions Soothing Cleanser 150ml,,
,Clinique Repairwear Anti-Gravity Eye Cream 15ml,,
,"Clinique Repairwear Laser Focus Smooths, Restores, Refines 50ml",,
,Clinique Rinse-Off Eye Makeup Solvent 125ml,,
,Clinique Rinse-Off Foaming Cleanser 150ml,,
,Clinique Smart SPF 15 Custom Repair Moisturiser - Dry to Combination Skin - 50ml,,
,Clinique Superdefense SPF20 Age Defense Eye Cream 15ml,,
,Comfort Zone Essential Peeling 60ml,,
,Comfort Zone Sublime Skin Peel Pad (14 Pack),,
,COSRX Low pH Good Morning Cleanser 150ml,,
,COSRX Salicylic Acid Daily Gentle Cleanser 170g,,
,Crystal Clear Revitalising Tonic 200ml,,
,Darphin Dark Circle Relief and De-Puffing Eye Serum 15ml,,
,Darphin Hydraskin Serum 30ml,,
,Darphin Intral Redness Relief Recovery Balm,,
,Darphin Intral Redness Relief Soothing Serum,,
,Darphin Intral Toner (200ml),,
,"Dear, Klairs Midnight Blue Calming Sheet Mask 25ml",,
,"Dear, Klairs Rich Moist Soothing Tencel Sheet Mask 25ml",,
,DECLÉOR Aroma Cleanse Essential Tonifying Lotion (200ml),,
,DECLÉOR Cleansing Milk 200ml,,
,DECLÉOR Hydra Floral Anti-Pollution Hydrating Rich Cream,,
,DECLÉOR Phytopeel - Natural Exfoliating Cream (50ml),,
,DECLÉOR Prolagène Lift Lavandula Iris - Lift and Firm Eye Care 15ml,,
,Dermalogica AGE Bright Clearing Serum 30ml,,
,Dermalogica Age Smart Antioxidant Hydramist 150ml,,
,Dermalogica Age Smart Multivitamin Power Recovery Masque 75ml,,
,Dermalogica Intensive Eye Repair (15ml),,
,Dermalogica Rapid Reveal Peel,,
,Dermalogica Stress Positive Eye Lift 25ml,,
,DHC Facial Scrub (100g),,
,DHC Revitalizing Moisture Strip: Eyes - 6 Applications,,
,DHC Super Collagen Mist 50ml,,
,Dr Brandt Microdermabrasion Skin Exfoliant (60g),,
,Dr Dennis Gross Alpha Beta Pore Perfecting Cleansing Gel 60ml,,
,Dr Dennis Gross Skincare C+Collagen Brighten and Firm Vitamin C Serum 30ml,,
,Dr. Brandt No More Baggage 15g,,
,Dr. Hauschka Night Serum 20ml,,
,Dr.Jart+ Ceramidin Cream 50ml,,
,Dr.Jart+ Cicapair Tiger Grass Calming Mask,,
,Elemis Balancing Lime Blossom Cleanser 200ml,,
,Elemis Dynamic Resurfacing Facial Wash 200ml,,
,Elemis Papaya Enzyme Peel 50ml,,
,Elemis Peptide Eye Recovery Cream 15ml,,
,Elemis Peptide4 Overnight Radiance Peel 30ml,,
,Elemis Peptide4 Plumping Pillow Facial,,
,Elemis Pro-Collagen Advanced Eye Treatment (15ml),,
,ELEMIS Pro-Collagen Definition Face and Neck Serum 30ml,,
,Elemis Pro-Collagen Eye Renewal 15ml,,
,Elemis Pro-Collagen Hydra-Gel Eye Mask (Pack of 6),,
,Elemis Pro-Collagen Marine Cream 50ml,,
,Elemis Pro-Collagen Marine Cream SPF30 50ml,,
,Elemis Pro-Collagen Oxygenating Night Cream 50ml,,
,Elemis Pro-Collagen Rose Hydro-Mist 50ml,,
,Elemis Sensitive Cleansing Wash 200ml,,
,Elemis Superfood Cleansing Wash 150ml,,
,ELEMIS Superfood Kefir-Tea Mist 100ml,,
,Elizabeth Arden Ceramide Purifying Toner (200ml),,
,Elizabeth Arden Eight Hour Great 8 Daily Defense Moisturizer 45ml,,
,Elizabeth Arden Eight Hour Miracle Hydrating Mist 100ml,,
,Elizabeth Arden Prevage Advanced Daily Serum,,
,Elizabeth Arden Prevage Face Advanced Anti-Aging Serum (50ml),,
,Elizabeth Arden Skin Illuminating Advanced Brightening Day Serum (30ml),,
,Elizabeth Arden SuperStart Skin Renewal Booster 50ml,,
,Elizabeth Arden Visible Difference Peel & Reveal Revitalizing Mask (50ml),,
,Elizabeth Arden Visible Difference Refining Moisture Cream (75ml),,
,Elizabeth Arden Visible Difference Skin Balancing Exfoliating Cleanser (125ml),,
,Embryolisse Eau De Beaute Rosamelis - Flower Waters Toner 50ml,,
,Embryolisse Gentle Night Peeling Care Radiance Secret 40ml,,
,Embryolisse Lait-Crème Concentré (30ml),,
,Embryolisse Lait-Crème Concentré (75ml),,
,Emma Hardie Plump and Glow Hydrating Mist 90ml,,
,Erno Laszlo AHA Resurfacing Sleep Serum,,
,Erno Laszlo Detoxifying Cleansing Oil 195ml,,
,Erno Laszlo Multi-Task Eye Serum Mask (6 Pack),,
,Erno Laszlo Phelityl Night Cream 50ml,,
,Estée Lauder Advanced Night Repair Matrix Synchronized Recovery Eye Concentrate 15ml,,
,Estée Lauder Advanced Night Repair Synchronized Recovery Complex II 30ml,,
,Estée Lauder Advanced Night Repair Synchronized Recovery Complex II 50ml,,
,Estée Lauder DayWear Advanced Multi-Protection Anti-Oxidant Creme SPF15 N/C 50ml,,
,Estée Lauder DayWear Anti-Oxidant 72H-Hydration Sorbet Creme SPF 15 50ml,,
,Estée Lauder Daywear Eye Cooling Anti-Oxidant Moisture Gel Créme,,
,Estée Lauder DayWear Multi-Protection Anti-Oxidant Creme SPF 15 30ml,,
,Estée Lauder Idealist Pore Minimizing Skin Refinisher 30ml,,
,Estée Lauder Micro Essence Skin Activating Treatment Lotion Fresh with Sakura Ferment 200ml,,
,Estée Lauder NightWear Plus Anti-Oxidant Night Detox Crème 50ml,,
,Estée Lauder Nutritious Micro-Algae Cleansing Bar,,
,Estée Lauder Nutritious Super-Pomegranate Radiant Energy 2-In-1 Cleansing Foam 125ml,,
,Estée Lauder Perfectionist Pro Instant Resurfacing Peel with 9.9% AHAs + BHA,,
,Estée Lauder Perfectionist Pro Multi-Defense Aqua UV Gel SPF 50 with 8 Anti-Oxidants,,
,Estée Lauder Perfectionist Pro Rapid Brightening Treatment with Ferment2+ Vitamin C 50ml,,
,Estée Lauder Perfectionist Pro Rapid Firm + Lift Serum Hexapeptide-8 50ml,,
,Estée Lauder Perfectly Clean Foam Cleanser/Purifying Mask 150ml,,
,Estée Lauder Perfectly Clean Multi-Action Toning Lotion/Refiner 200ml,,
,Estée Lauder Revitalising Supreme + Global Anti-ageing Cell Power Crème 30ml,,
,Estée Lauder Revitalizing Supreme+ Nourishing and Hydrating Dual Phase Treatment Oil 30ml,,
,Estée Lauder Take It Away Gentle Eye and Lip Longwear Makeup Remover 100ml,,
,Eucerin Anti-Pigment SPF30 Day Cream 50ml,,
,Eucerin® Anti-Age Hyaluron-Filler Eye Cream SPF 15 + UVA Protection (15ml),,
,Eve Lom Face Mist 15ml,,
,Eve Lom Radiance Face Mist 48ml,,
,Face by Skinny Tan Moisturising Oil Drops 30ml,,
,Fade Out ADVANCED + Age Protection Even Skin Tone Day Cream SPF 25 50ml,,
,Fade Out ADVANCED Even Skin Tone Day Cream SPF 25 50ml,,
,Fade Out Advanced Even Skin Tone Eye Defence Cream 15ml,,
,Fade Out ADVANCED Even Skin Tone Night Cream 50ml,,
,Filorga Foam Cleanser 150ml,,
,Filorga Hydra-Filler Mask 23g,,
,Filorga Scrub and Mask 55ml,,
,First Aid Beauty 5-in-1 Eye Cream (14.1ml),,
,First Aid Beauty Eye Duty Triple Remedy Overnight Balm (15ml),,
,First Aid Beauty Face Cleanser (142g),,
,First Aid Beauty Skin Lab Retinol Eye Cream with Triple Hyaluronic Acid 15ml,,
,First Aid Beauty Ultra Repair Face Moisturiser (50ml),,
,First Aid Beauty Ultra Repair Instant Oatmeal Mask (56.7g),,
,First Aid Beauty Ultra Repair Wild Oat Soothing Toner 180ml,,
,FOREO 'Serum Serum Serum' Micro-Capsule Youth Preserve,,
,FOREO UFO Activated Masks - Call It a Night (7 Pack),,
,FOREO UFO Activated Masks - Make My Day (7 Pack),,
,Frank Body Creamy Face Scrub 125ml,,
,Frank Body Original Face Scrub Pouch,,
,Gallinée Prebiotic Face Mask and Scrub 100ml,,
,Gallinée Prebiotic Face Vinegar 200ml,,
,Gallinée Prebiotic Foaming Facial Cleanser 120ml,,
,Gallinée Probiotic Youthful Serum 30ml,,
,Garnier Ambre Solaire Natural Bronzer Quick Drying Dark Self Tan Face Mist 75ml,,
,Garnier Charcoal and Algae Purifying and Hydrating Face Sheet Mask for Enlarged Pores 28g,,
,Garnier Fresh-Mix Brightening Face Sheet Shot Mask with Vitamin C 33g,,
,Garnier Fresh-Mix Replumping Face Sheet Shot Mask with Hyaluronic Acid 33g,,
,Garnier Hyaluronic Acid and Coconut Water Hydrating Replumping Eye Sheet Mask 6g,,
,Garnier Hyaluronic Acid and Orange Juice Hydrating Brightening Eye Sheet Mask 6g,,
,Garnier Micellar Gel Face Wash Sensitive Skin 200ml,,
,Garnier Micellar Water Facial Cleanser and Makeup Remover for Combination Skin 400ml,,
,Garnier Micellar Water Facial Cleanser and Makeup Remover for Sensitive Skin 400ml,,
,Garnier Micellar Water Facial Cleanser and Makeup Remover for Sensitive Skin 700ml,,
,Garnier Micellar Water Oil Infused Facial Cleanser and Makeup Remover 400ml,,
,Garnier Moisture Bomb Camomile Hydrating Face Sheet Mask for Dry and Sensitive Skin 32g,,
,Garnier Moisture Bomb Deep Sea Water & Hyaluronic Acid Night-Time Eye Tissue Mask 6g,,
,Garnier Moisture Bomb Green Tea Hydrating Face Sheet Mask for Combination Skin 32g,,
,Garnier Moisture Bomb Lavender Hydrating Face Sheet Mask for Fatigued Skin 32g,,
,Garnier Moisture Bomb Sakura Hydrating Face Sheet Mask for Dull Skin 32g,,
,Garnier Natural Aloe Extract Toner for Normal Skin 200ml,,
,Garnier Natural Rose Water Toner for Sensitive Skin 200ml,,
,Garnier Natural Vegan Rose Soothing Hydrating Glow Mist 150ml,,
,Garnier Organic Argan Mist 150ml,,
,Garnier Organic Argan Rescue Balm 50ml,,
,Garnier Organic Thyme Toner 150ml,,
,Garnier Pure Active 3in1 Charcoal Blackhead Mask Wash Scrub 150ml,,
,Garnier Pure Active Anti Blackhead Charcoal Mask Peel Off,,
,Garnier Pure Active Anti Blemish Soap Free Gel Wash Sensitive Skin 150ml,,
,Garnier Pure Active Daily Energising Gel Scrub for Oily Skin 150ml,,
,Garnier Pure Active Intensive Anti-Blackhead Charcoal Gel Wash 200ml,,
,Garnier Ultralift Anti Ageing Radiance Boosting Face Sheet Mask 32g,,
,GLAMGLOW Bright Eyes Cream 15ml,,
,GLAMGLOW Supermud Mask 15g,,
,GLAMGLOW Supermud Mask 50g,,
,GLAMGLOW Superserum 30ml,,
,GLAMGLOW Supertoner 200ml,,
,Goldfaden MD Bright Eyes Dark Circle Radiance Concentrate 15ml,,
,Goldfaden MD Fresh A Peel Multi Acid Resurfacing Peel 50ml,,
,Green People Age Defy+ Line Eraser Lip & Eye Serum (10ml),,
,Holika Holika 3 Seconds Starter (Collagen),,
,Holika Holika 3 Seconds Starter (Hyaluronic Acid),,
,Holika Holika AC MILD Toner,,
,Holika Holika Aloe Soothing Essence 98% Mist,,
,Holika Holika Aloe Soothing Essence 98% Toner,,
,Holika Holika Baby Silky Foot Mask Sheet,,
,Holika Holika Baby Silky Hand Mask Sheet,,
,Holika Holika Good Cera Super Ceramide Mist,,
,Holika Holika Good Cera Super Ceramide Toner,,
,Holika Holika Less On Skin Toner,,
,Holika Holika Pure Essence Mask Sheet - Acai Berry,,
,Holika Holika Pure Essence Mask Sheet - Avocado,,
,Holika Holika Pure Essence Mask Sheet - Charcoal,,
,Holika Holika Pure Essence Mask Sheet - Cucumber,,
,Holika Holika Pure Essence Mask Sheet - Damask Rose,,
,Holika Holika Pure Essence Mask Sheet - Lemon,,
,Holika Holika Pure Essence Mask Sheet - Pearl,,
,Holika Holika Pure Essence Mask Sheet - Strawberry,,
,Holika Holika Skin Rescuer Mask Sheet - Collagen,,
,Holika Holika Skin Rescuer Mask Sheet - Vita C,,
,Indeed Labs Eysilix Serum 2 15ml,,
,Indeed Labs Pepta-Bright 30ml,,
,Indeed Labs Snoxin Serum 2 30ml,,
,Instant Effects Instant Eye Lift,,
,Institut Esthederm Cellular Water Mist 100ml,,
,"JASON Age Renewal Vitamin E 25,000iu Cream (120g)",,
,JASON Brightening Apricot Scrubble (128ml),,
,Jurlique Calendula Redness Rescue Calming Mist (100ml),,
,Jurlique Lavender Hydrating Mist 100ml,,
,Jurlique Lavender Hydrating Mist 50ml,,
,Jurlique Rosewater Balancing Mist (100ml),,
,Jurlique Rosewater Balancing Mist 100ml,,
,KLORANE Eye Make-Up Remover with Organically Farmed Cornflower 200ml,,
,L'Oréal Men Expert Hydra Energetic Cooling Eye Roll-On (10ml),,
,L'Oréal Men Expert Pure & Matte Anti-Shine Moisturising Gel (50ml),,
,L'Oréal Paris Absolute Eye and Lip Make-Up Remover 125ml,,
,L'Oréal Paris Age Perfect Cleansing Wipes for Mature Skin (25 Wipes),,
,L'Oréal Paris Age Perfect Nutrition Intense Supreme Repairing Serum,,
,L'Oréal Paris Dermo Expertise Revitalift Anti-Wrinkle + Firming Eye Cream (15ml),,
,L'Oreal Paris Dermo Expertise Revitalift Laser Renew Anti-ageing Triple Action Super Serum (30ml),,
,L'Oréal Paris Dermo Expertise Triple Active Hydrating Night Moisturiser (50ml),,
,L'Oréal Paris Fine Flowers Cleansing Cream 200ml,,
,L'Oréal Paris Fine Flowers Cleansing Milk 400ml,,
,L'Oréal Paris Fine Flowers Cleansing Toner 400ml,,
,L'Oréal Paris Fine Flowers Cleansing Wash 150ml,,
,L'Oréal Paris Fine Flowers Sensitive Skin Cleansing Face Wipes x 25,,
,L'Oréal Paris Gentle Eye Make-Up Remover 125ml,,
,L'Oréal Paris Hydra Genius Liquid Care Moisturiser Combination Skin 70ml,,
,L'Oréal Paris Hydra Genius Liquid Care Moisturiser for Normal Combination Skin 70ml 2 Pack Exclusive,,
,L'Oréal Paris Pure Clay Blemish Rescue Face Mask 50ml,,
,L'Oréal Paris Pure Clay Detox Face Mask 50ml,,
,L'Oréal Paris Pure Clay Glow Face Mask 50ml,,
,L'Oréal Paris Revitalift Filler + Hyaluronic Acid Replumping Serum 16ml,,
,L'Oréal Paris Revitalift Laser Glycolic Peel Pads x 25 Pads,,
,L’Oréal Paris Extraordinary Oil Sleeping Oil Night Cream (50ml),,
,L’Oréal Paris Revitalift Filler Renew Eye Cream (15ml),,
,La Roche-Posay Cicaplast B5 Anti-Bacterial Cleansing Wash 200ml,,
,La Roche-Posay Cicaplast Baume B5 Repairing Balm SPF 50 40ml,,
,La Roche-Posay Cicaplast Baume B5 Soothing Repairing Balm 100ml,,
,La Roche-Posay Cicaplast Baume B5 Soothing Repairing Balm 40ml,,
,La Roche-Posay Effaclar Clarifying Lotion 200ml,,
,La Roche-Posay Effaclar Clay Mask 100ml,,
,La Roche-Posay Effaclar Cleansing Gel 400ml,,
,La Roche-Posay Effaclar Duo+ SPF30 40ml,,
,La Roche-Posay Effaclar H Hydrating Cleansing Cream (200ml),,
,La Roche-Posay Effaclar H Moisturiser 40ml,,
,La Roche-Posay Effaclar K(+) Anti-Blackhead Moisturiser 40ml,,
,La Roche-Posay Effaclar MAT+ 40ml,,
,La Roche-Posay Effaclar Micellar Water 200ml,,
,La Roche-Posay Effaclar Purifying Cleansing Gel 200ml,,
,La Roche-Posay Hyalu B5 Eyes 15ml,,
,La Roche-Posay Hydraphase Intense Eyes 15ml,,
,La Roche-Posay Hydraphase Intense Masque 50ml,,
,La Roche-Posay Hydraphase Intense Serum (30ml),,
,La Roche-Posay Nutritic Intense Rich 50ml,,
,La Roche-Posay Pigmentclar Eyes 15ml,,
,La Roche-Posay Pigmentclar Serum 30ml,,
,La Roche-Posay Pure Vitamin C10 Serum 30ml,,
,La Roche-Posay Redermic [R] Retinol Eye Cream 15ml,,
,La Roche-Posay Rosaliac AR Intense Serum 40ml,,
,La Roche-Posay Serozinc Toner 50ml,,
,La Roche-Posay Soothing Lotion 200ml,,
,La Roche-Posay Toleriane Dermo-Cleanser 200ml,,
,La Roche-Posay Toleriane Foaming Gel Cleanser 150ml,,
,La Roche-Posay Toleriane Sensitive Fluid Moisturiser 40ml,,
,La Roche-Posay Toleriane Sensitive Moisturiser 40ml,,
,La Roche-Posay Toleriane Ultra 8 Face Mist 100ml,,
,La Roche-Posay Toleriane Ultra Cream,,
,La Roche-Posay Toleriane Ultra Eyes (20ml),,
,La Roche-Posay Toleriane Ultra Fluid 40ml,,
,La Roche-Posay Toleriane Ultra Overnight Moisturiser 40ml,,
,Lancer Skincare Caviar Lime Acid Peel 50ml,,
,Lancôme Advanced Génifique Eye and Lash Serum - Light Pearl 20ml,,
,Lancôme Advanced Génifique Eye Care 15ml,,
,Lancôme Advanced Génifique Youth Activating Serum 115ml,,
,Lancôme Advanced Génifique Youth Activating Serum 30ml,,
,Lancôme Advanced Génifique Youth Activating Serum 50ml,,
,Lancôme Advanced Génifique Youth Activating Serum 75ml,,
,Lancôme Crème Mousse Confort Creamy Foaming Cleanser 125ml,,
,Lancôme Gel Eclat Express Clarfying Self-Foaming Cleanser 125ml,,
,Lancôme Génifique Double Drop Serum 20ml,,
,Lancôme Génifique Hydrogel Sheet Mask (1 Mask),,
,Lancôme Rénergie Multi-Lift Eye Cream 15ml,,
,Lancôme Tonique Confort Toner 200ml,,
,Lancôme Tonique Confort Toner 400ml,,
,Lancôme Tonique Douceur Toner 200ml,,
,Lancôme Tonique Douceur Toner 400ml,,
,Lancôme Visionnaire Serum Plus 30ml,,
,Laura Mercier Perfecting Water Moisture Mist 200ml,,
,Liz Earle Cleanse & Polish 100ml Pump,,
,Liz Earle Cleanse & Polish 200ml Tube,,
,Liz Earle Eyebright Soothing Eye Lotion 150ml Bottle,,
,Liz Earle Gentle Face Exfoliator 70ml Pump,,
,Liz Earle Instant Boost Skin Tonic 200ml Bottle,,
,Liz Earle Skin Repair Light,,
,Liz Earle Superskin Eye Cream 15ml,,
,Liz Earle Superskin Face Serum 30ml Pump,,
,Löwengrip Advanced Skin Care Cell Renewal Facial Exfoliant 75ml,,
,Löwengrip Moisture on the go Facial Mist 100ml,,
,Löwengrip Purify my Skin Facial Scrub 75ml,,
,Lumene Nordic C [Valo] Bright Eyes All-In-One Treatment 15ml,,
,Lumene Nordic C [Valo] Glow Refresh Hydrating Mist 100ml,,
,Lumene Nordic C Valo Glow Refresh Hydrating Mist 50ml,,
,Lumene Nordic Hydra [Lähde] Arctic Spring Water Enriched Facial Mist 100ml,,
,Lumene Nordic Hydra [Lähde] Purity Dew Drops Hydrating Eye Gel 15ml,,
,Lumene Nordic Hydra Lähde Arctic Spring Water Enriched Facial Mist 50ml,,
,MÁDARA Balancing Toner 200ml,,
,MÁDARA Clarifying Toner 200ml,,
,MAGICSTRIPES Chin & Cheek Lifting Mask (1 Mask),,
,MAGICSTRIPES Lifting Collagen Mask (1 Mask),,
,Manuka Doctor ApiClear Facial Peel 100ml,,
,Manuka Doctor ApiNourish Age-Defying Eye Cream 15ml,,
,Mavala Clean & Comfort Caress Toning Lotion 200ml,,
,Mavala Pore Detox Perfecting Toning Lotion 200ml,,
,Mavala Skin Vitality Beauty Enhancing Micro-Peel 65ml,,
,Medik8 Advanced Night Eye 15ml,,
,Medik8 Crystal Retinal 6,,
,Medik8 Eyelift Peptides 15ml,,
,Medik8 Hydr8 B5 Serum 30ml,,
,Medik8 Pore Cleanse Gel Intense 150ml,,
,Medik8 r-Retinoate Day and Night Eye Serum 15ml,,
,MONU Recovery Balm (50ml),,
,MONUPLUS Beauty Balm (50ml),,
,Murad Age Reform Aha/Bha Exfoliating Cleanser (200ml),,
,Murad Clarifying Cleanser 200ml,,
,Murad Essential C Eye Cream SPF15 15ml,,
,Murad Hydrating Toner 180ml,,
,Murad Hydro-Dynamic™ Ultimate Moisture (50ml),,
,Murad Oil and Pore Control Mattifier SPF45 PA 50ml,,
,Murad Pore Extractor Pomegranate Mask,,
,Murad Prebiotic 3-in-1 MultiMist 100ml,,
,Murad Replenishing Multi-Acid Peel 100ml,,
,Murad Resurgence Renewing Eye Cream (15ml),,
,Murad Retinol Youth Renewal Serum Travel Size,,
,Murad Time Release Blemish Cleanser 200ml,,
,NARS Cosmetics Aqua Gel Luminous Mask,,
,Natio Advanced Lifting and Firming Serum (30ml),,
,Natio Ageless Brightening Eye Cream (20g),,
,Natio Dual Action Cleanser And Exfoliator (100g),,
,Natio Gentle Facial Scrub (100g),,
,Natio Refreshing Face Mist (75ml),,
,Natio Rehydrating Toner (200ml),,
,Natio Rosewater & Chamomile Gentle Skin Toner (250ml),,
,Natura Bissé C+C Vitamin Splash 200ml,,
,Natura Bissé Glyco Extreme Peel 30ml,,
,Natura Bissé Tolerance Enzyme Peel 50ml,,
,Natura Bissé Tolerance Toner 200ml,,
,Neal's Yard Remedies Beauty Sleep Concentrate 30ml,,
,Neal's Yard Remedies Frankincense Hydrating Facial Mist 45ml,,
,Neal's Yard Remedies Goodnight Pillow Mist 45ml,,
,Neal's Yard Remedies Rehydrating Rose Facial Wash 100ml,,
,Neal's Yard Remedies Rehydrating Rose Toner 200ml,,
,Neal's Yard Remedies Vitamin E and Avocado Night Cream 50g,,
,Neutrogena Hydro Boost City Shield SPF Moisturiser,,
,Neutrogena Hydro Boost Cleanser Wipes (25 Wipes),,
,Neutrogena Hydro Boost Exfoliator Smoothing Gel 150ml,,
,Neutrogena Hydro Boost Express Hydrating Spray 200ml,,
,Neutrogena Hydro Boost Hydrogel Recovery Mask 30ml,,
,Neutrogena Hydro Boost Water Gel Cleanser 200ml,,
,Neutrogena Oil Balancing Daily Exfoliator 150ml,,
,Neutrogena Pink Grapefruit Medicated Facial Wipes,,
,Neutrogena Purifying Boost Hydrogel Recovery Mask 30ml,,
,Neutrogena Radiance Boost Hydrogel Recovery Mask 30ml,,
,Neutrogena Refreshingly Clear Daily Exfoliator 150ml,,
,Neutrogena Refreshingly Clear Oil-Free Moisturiser 50ml,,
,Neutrogena® Oil Balancing Facial Wash 200ml,,
,NIOD Multi-Molecular Hyaluronic Complex 15ml,,
,NIOD Sanskrit Saponins Cleanser 90ml,,
,NIOD Superoxide Dismutase Saccharide Mist 240ml,,
,NIP+FAB Dragons Blood Fix Serum 50ml,,
,NIP+FAB Glycolic Fix Exfoliating Mask 18g,,
,NIP+FAB Glycolic Fix Extreme Bubble Mask 23g,,
,NIP+FAB Retinol Fix Serum Extreme 50ml,,
,NIP+FAB Retinol Fix Sheet Mask 10g,,
,NIP+FAB Retinol Fix Tonic Extreme 100ml,,
,NIP+FAB Salicylic Fix Serum Extreme 2% 50ml,,
,NIP+FAB Salicylic Fix Tonic XXL Extreme 2% 190ml,,
,NIP+FAB Teen Skin Fix Pore Blaster Day Wash 145ml,,
,NIP+FAB Teen Skin Fix Pore Blaster Night Wash 145ml,,
,NIP+FAB Teen Skin Fix Salicylic Acid Sheet Mask,,
,NIP+FAB Vitamin C Fix Tonic 100ml,,
,NUXE Fondant Body Scrub (200ml),,
,NUXE Lotion Tonique Douce - Gentle Toning Lotion (200ml),,
,NUXE Refreshing Toning Mist 200ml,,
,Oh K! Chok Chok Shimmer Face Scrub,,
,Oh K! Chok Chok Smoothing Undereye Mask 2 x 1.5g,,
,Oh K! Peeling Foot Mask 20ml,,
,Oh K! SOS PH Balancing Gel Toner,,
,Oh K! SOS Soothing Facial Balm 100ml,,
,Omorovicza Cleansing Foam Duo,,
,Omorovicza Deep Cleansing Mask (50ml),,
,Omorovicza Instant Perfection Serum (30ml),,
,Omorovicza Queen Of Hungary Mist (100ml),,
,Omorovicza Queen of Hungary Mist 30ml,,
,Origins Checks and Balances Frothy Face Wash 150ml,,
,Origins Clear Improvement Active Charcoal Mask to Clear Pores 75ml,,
,Origins Clear Improvement Charcoal Honey Mask to Purify and Nourish 75ml,,
,Origins GinZing Refreshing Eye Cream to Brighten and Depuff On-the-Go 10ml,,
,Origins GinZing Refreshing Scrub Cleanser 150ml,,
,Origins GinZing Ultra Hydrating Energy-Boosting Cream Moisturiser 50ml,,
,Origins GinZing™ Energy-Boosting Tinted Moisturiser SPF40 50ml,,
,Origins Ginzing™ Energy-Boosting Treatment Lotion Mist 150ml,,
,Origins Modern Friction™ Exfoliator 75ml,,
,Origins Original Skin Retexturizing Mask with Rose Clay 75ml,,
,Origins Out of Trouble 10 Minute Mask to Rescue Problem Skin 75ml,,
,Origins Plantscription Anti-Aging Power Serum 50ml,,
,OSKIA Super 16 Serum (30ml),,
,Pai Skincare Back to Life Hydration Serum 30ml,,
,Pai Skincare Chamomile and Rosehip Calming Day Cream 50ml,,
,Pai Skincare Instant Calm Redness Serum Sea Aster and Wild Oat 30ml,,
,Pai Skincare Rice Plant and Rosemary BioAffinity Skin Tonic 50ml,,
,Perricone MD Cold Plasma Plus Eye Cream 15ml,,
,Perricone MD Essential Fx Acyl-Glutathione: Eyelid Lift Serum,,
,Pestle & Mortar Balance Facial Spritz,,
,Peter Thomas Roth Cucumber Gel Mask 14ml,,
,Peter Thomas Roth Cucumber Gel Mask 150ml,,
,Peter Thomas Roth Cucumber Hydra-Gel Eye Masks 60 masks,,
,Peter Thomas Roth FirmX Peeling Gel 100ml,,
,Peter Thomas Roth Glycolic Acid 8% Toner,,
,Peter Thomas Roth Peptide 21 Amino Acid Exfoliating Peel Pads - 60 Pads,,
,Peter Thomas Roth Pumpkin Enzyme Mask 150ml,,
,Peter Thomas Roth Retinol Eye Care 15ml,,
,Peter Thomas Roth Water Drench Hydrating Toner Mist 150ml,,
,philosophy Purity One-Step Facial Cleanser 240ml,,
,philosophy Purity One-Step Facial Cleanser 480ml,,
,PIXI 24K Eye Elixir 10ml,,
,PIXI Collagen and Retinol Serum 30ml,,
,PIXI Collagen Plumping Mask 45ml,,
,PIXI Glow Mist 80ml,,
,PIXI Glow Tonic 250ml,,
,PIXI Glow Tonic Cleansing Gel 135ml,,
,PIXI Glow Tonic Serum 30ml,,
,PIXI Hydrating Milky Mist 80ml,,
,PIXI Hydrating Milky Peel 80ml,,
,PIXI Hydrating Milky Serum 30ml,,
,PIXI Makeup Melting Cleansing Cloths (40 Wipes),,
,PIXI Milky Tonic 100ml,,
,PIXI Milky Tonic 250ml,,
,PIXI Overnight Glow Serum,,
,PIXI Peel and Polish,,
,PIXI PLUMP Collagen Boost Sheet Mask (Pack of 3),,
,PIXI Retinol Eye Cream 25ml,,
,PIXI Retinol Tonic 100ml,,
,PIXI Retinol Tonic 250ml,,
,PIXI Rose Flash Balm 45ml,,
,PIXI Rose Tonic 100ml,,
,PIXI Rose Tonic 250ml,,
,PIXI Vitamin Wakeup Mist 80ml,,
,PIXI Vitamin-C Juice Cleanser 150ml,,
,Piz Buin After Sun Instant Relief Mist Spray,,
,Polaar Arctic Cotton Gentle Scrub 50ml,,
,Polaar Northern Light Micro-Peeling Foam 100ml,,
,PRAI AGELESS Throat & Decolletage Crème 50ml,,
,Project Lip Mask,,
,Radical Skincare Detox Charcoal Enzyme Peel 50ml,,
,Radical Skincare Express Delivery Enzyme Peel 50ml,,
,RapidEye Firming Wrinkle Smoother 15ml,,
,Recipe for Men Peeling Mask,,
,REN Clean Skincare Evercalm Ultra Comforting Rescue Mask,,
,REN Clean Skincare Keep Young and Beautiful Instant Brightening Beauty Shot Eye Lift 15ml,,
,REN Clean Skincare Keep Young and Beautiful Instant Firming Beauty Shot,,
,REN Clean Skincare Radiance Perfection Serum,,
,REN Evercalm™ Gentle Cleansing Milk 150ml,,
,RENU Soft Touch Toner 180ml,,
,Revolution Skincare Caffeine Essence Spray 100ml,,
,Revolution Skincare CBD Essence Spray 100ml,,
,Revolution Skincare Hyaluronic Essence Spray 100ml,,
,Revolution Skincare Superfruit Essence Spray 100ml,,
,Revolution Skincare x Jake Jamie Tropical Quench Essence Spray 100ml,,
,Rituals The Ritual of Ayurveda Hand Balm 175ml,,
,Rituals The Ritual of Sakura Hand Balm 175ml,,
,Rodial Dragon's Blood Essence 100ml,,
,Rodial Dragon's Blood Eye Mask Single,,
,Rodial Vitamin C Deluxe Drops 10ml,,
,Salcura Antiac Acne Clearing Spray (100ML),,
,Salcura Antiac Activ Liquid Spray (50ml),,
,Sanctuary Spa Charcoal Bubble Sheet Mask 22g,,
,Sanctuary Spa Daily Glow Radiance Tonic 150ml,,
,Sanctuary Spa Hyaluronic Wonder Oil Serum 30ml,,
,Sanctuary Spa Power Peptide Awakening Eye Serum 15ml,,
,Sarah Chapman Lash Boosting Eye Cleanse 70ml,,
,Sarah Chapman Skinesis Liquid Facial D-Stress 75ml,,
,Sarah Chapman Skinesis Skin Tone Perfecting Booster (30ml),,
,Shiseido Benefiance Pure Retinol Express Smoothing Eye Mask x 12 Sachets,,
,Shiseido Exclusive Ultimune Eye Power Infusing Eye Concentrate 15ml,,
,Skin Doctors Instant Eyelift (10ml),,
,Skin Doctors Sd White & Bright (50ml),,
,SkinCeuticals A.G.E. Eye Complex Cream 15ml,,
,SkinCeuticals AOX+ Eye Gel 15ml,,
,SkinCeuticals Discoloration Defense Corrective Serum 30ml,,
,StriVectin Tri-Phase Daily Glow Toner 147ml,,
,Sukin Blemish Control Clearing Facial Wash 125ml,,
,Sukin Energising Body Scrub with Coffee and Coconut 200ml,,
,Sukin Eye Serum (30ml),,
,Sukin Foaming Facial Cleanser (125ml),,
,Sukin Hydrating Mist Toner (125ml),,
,Sukin Hydration Biomarine Facial Serum 30ml,,
,Sukin Mist Lavender Toner 125ml,,
,Sukin Oil Balancing + Charcoal Anti-Pollution Facial Masque 100ml,,
,Sukin Purely Ageless Eye Cream 20ml,,
,Sukin Sensitive Facial Moisturiser (125ml),,
,Sukin Super Greens Facial Scrub 125ml,,
,Sukin Super Greens Recovery Serum 30ml,,
,SVR Densitium Lifting + Firming Eye Contour Cream -15ml,,
,SVR Palpebral by Topialyse Eye Cream 15ml,,
,Talika Skintelligence Hydra Face Gentle Scrub 50ml,,
,Tan-Luxe Super Glow Body Hyaluronic Self-Tan Serum 150ml,,
,The Chemistry Brand Glow Oil 100ml,,
,The Chemistry Brand Heel Hydration Complex 100ml,,
,The Chemistry Brand Intense Youth Complex Hand Cream 100ml,,
,The INKEY List Apple Cider Vinegar Acid Peel 30ml,,
,The INKEY List Bakuchiol Moisturiser 30ml,,
,The INKEY List Multi-Biotic Moisturiser 30ml,,
,The INKEY List Peptide Moisturizer 50ml,,
,The INKEY List Snow Mushroom,,
,The INKEY List Turmeric Moisturiser 30ml,,
,The Ordinary 10% Agireline Solution 30ml,,
,The Ordinary Amino Acids + B5,,
,The Ordinary Buffet Supersize Serum 60ml,,
,The Ordinary Hyaluronic Acid 2% + B5 Hydration Support Formula 30ml,,
,The Ordinary Hyaluronic Acid 2% + B5 Supersize Serum 60ml,,
,The Ordinary Lactic Acid 10% + HA 2% Superficial Peeling Formulation 30ml,,
,The Ordinary Lactic Acid 5% + HA 2% Superficial Peeling Formulation 30ml,,
,The Ordinary Marine Hyaluronics 30ml,,
,The Ordinary Natural Moisturising Factors + HA 30ml,,
,The Ordinary Natural Moisturizing Factors + HA 100ml,,
,The Ritual of Namasté Clarifying Facial Toner,,
,The Ritual of Namasté Skin Brightening Face Exfoliator,,
,The Ritual of Namasté Urban Hydrating Mist 100ml,,
,Too Faced Hangover Good in Bed Ultra-Hydrating Replenishing Serum 29ml,,
,Ultrasun SPF30+ Eye Cream (15ml),,
,Uriage Xémose Anti-Itch Soothing Oil Balm 500ml,,
,VERSO Enzyme Peel 50ml,,
,VICHY Aqualia Thermal Eye Awakening Balm (15ml),,
,VICHY LiftActiv Serum 10 Eyes & Lashes 15ml,,
,VICHY Minéral 89 Eyes Hyaluronic Acid +Caffeine 15ml,,
,VICHY Minéral 89 Hyaluronic Acid Hydration Booster 50ml,,
,VICHY Minéral 89 Hyaluronic Acid Hydration Booster 75ml,,
,VICHY Normaderm Deep Cleansing Purifying Gel 200ml,,
,VICHY Purete Thermale Fresh Cleansing Gel 200ml,,
,Vichy Quenching Mineral Mask Duo Sachet 2 x 6ml,,
,Weleda Refining Toner (100ml),,
,Weleda Skin Food (30ml),,
,Weleda Skin Food (75ml),,
,Weleda Skin Food 75ml - Light,,
,Zelens PROVITAMIN D Fortifying Facial Mist 50ml,,
,Zelens Triple Action Advanced Eye Cream,,
,Zelens Youth Concentrate Supreme Age-Defying Serum (30ml),,
,Zelens Z Balance Prebiotic and Probiotic Facial Mist 50ml,,
,Zelens Z Hyaluron Hyaluronic Acid Complex Serum Drops 30ml,,